{
  "$schema": "https://example.org/ethical-ai-paper.schema.json",
  "paper_id": "00_baseline_securing_trust_ai_cybersecurity",
  "metadata": {
    "title": "Securing Trust: Ethical Considerations in AI for Cybersecurity",
    "authors": "Naveen Vemuri, Naresh Thaneeru, Venkata Manoj Tatikonda",
    "year": "2023",
    "venue": "Journal of Knowledge Learning and Science Technology, Vol. 2, Issue 2",
    "link": "https://doi.org/10.60087/jklst.vol2.n2.P175"
  },
  "summary": {
    "goal": "To establish an ethical AI framework that enhances trust, accountability, and privacy in cybersecurity systems.",
    "method": "Conceptual and qualitative analysis of AI ethics frameworks applied to cybersecurity contexts.",
    "use_case_or_domain": "AI ethics, cybersecurity governance, and digital trust systems.",
    "deployment_context": "Theoretical foundation proposing continuous ethical monitoring and collaborative governance between AI developers, policymakers, and security experts."
  },
  "evidence": {
    "real_time_transparency": {
      "present": true,
      "quotes_or_pointers": [
        "Decisions made using AI are not only transparent but also simple to comprehend in vigorous cybersecurity contexts."
      ],
      "assessor_notes": "Transparency emphasized as essential for trustworthy AI cybersecurity."
    },
    "explainability": {
      "present": true,
      "quotes_or_pointers": [
        "Understanding how AI systems make decisions is essential to building trust among stakeholders."
      ],
      "assessor_notes": "Recognizes algorithmic opacity as a challenge in cybersecurity."
    },
    "accountability": {
      "present": true,
      "quotes_or_pointers": [
        "Establishing strong accountability requires collaboration between policymakers, cybersecurity experts, and AI developers."
      ],
      "assessor_notes": "Highlights shared responsibility between human and institutional actors."
    },
    "human_oversight": {
      "present": true,
      "quotes_or_pointers": [
        "Humans must validate and supervise AI-based responses to ensure ethical compliance."
      ],
      "assessor_notes": "Maintains human-in-the-loop oversight principle."
    },
    "privacy": {
      "present": true,
      "quotes_or_pointers": [
        "Data should be protected at all costs which is the ultimate aim of cybersecurity systems."
      ],
      "assessor_notes": "Positions privacy as fundamental to ethical governance."
    },
    "data_protection": {
      "present": true,
      "quotes_or_pointers": [
        "Policies for data protection should be in place and threats should be detected using AI tools to protect sensitive data."
      ],
      "assessor_notes": "Data protection treated as both ethical and operational safeguard."
    },
    "continuous_ethics_monitoring": {
      "present": true,
      "quotes_or_pointers": [
        "Ethical systems should be continuously monitored and updated for prompt resolution of emerging issues."
      ],
      "assessor_notes": "Proposes lifecycle ethical monitoring as a structural requirement."
    }
  },
  "scoring": {
    "score_override": {
      "real_time_transparency": null,
      "explainability": null,
      "accountability": null,
      "human_oversight": null,
      "privacy": null,
      "data_protection": null,
      "continuous_ethics_monitoring": null
    },
    "total_score_manual_override": null
  }
}