{
  "$schema": "https://example.org/ethical-ai-paper.schema.json",
  "paper_id": "16_ethics_ai_cybersecurity_sovereignty",
  "metadata": {
    "title": "Ethics of AI and Cybersecurity When Sovereignty is at Stake",
    "authors": "Paul Timmers",
    "year": "2019",
    "venue": "Minds and Machines, Vol. 29, pp. 635\u2013645",
    "link": "https://doi.org/10.1007/s11023-019-09508-4"
  },
  "summary": {
    "goal": "To explore the ethical implications of AI and cybersecurity when national sovereignty and strategic autonomy are threatened.",
    "method": "Theoretical and policy-oriented analysis examining three approaches: risk management, strategic partnerships, and global common good governance frameworks.",
    "use_case_or_domain": "AI ethics and cybersecurity governance under sovereignty and autonomy pressures.",
    "deployment_context": "Policy analysis integrating ethical reasoning, AI governance, and state-level cybersecurity strategy."
  },
  "evidence": {
    "real_time_transparency": {
      "present": true,
      "quotes_or_pointers": [
        "Transparency confidence-building measures include information exchange on cyber threats and joint cyber exercises."
      ],
      "assessor_notes": "Transparency seen as a key ethical principle for cooperation in AI-enabled cybersecurity."
    },
    "explainability": {
      "present": true,
      "quotes_or_pointers": [
        "AI is not transparent in how it reaches decisions from data points, yet operators may blindly trust that decision."
      ],
      "assessor_notes": "Emphasizes need for explainable AI to reduce overreliance and improve trust."
    },
    "accountability": {
      "present": true,
      "quotes_or_pointers": [
        "Unfair allocation of liability, the fallacy of human-in-the-loop, and residual risk management raise accountability dilemmas."
      ],
      "assessor_notes": "Defines accountability across human, institutional, and state levels."
    },
    "human_oversight": {
      "present": true,
      "quotes_or_pointers": [
        "We need to rethink risk management rules when de facto we have the human out of the loop for AI-enabled critical infrastructure resilience."
      ],
      "assessor_notes": "Warns against losing human oversight in automated cyber defense."
    },
    "privacy": {
      "present": true,
      "quotes_or_pointers": [
        "AI-based monitoring and risk prevention can be highly intrusive and coercive for people."
      ],
      "assessor_notes": "Identifies privacy risks in AI-driven surveillance systems."
    },
    "data_protection": {
      "present": true,
      "quotes_or_pointers": [
        "Transparency CBMs include mutual software code inspection and open information exchange on cyber threats."
      ],
      "assessor_notes": "Promotes collaborative, secure data sharing as part of ethical resilience."
    },
    "continuous_ethics_monitoring": {
      "present": true,
      "quotes_or_pointers": [
        "AI behavior must be monitored and audited in real time to ensure compliance with ethical principles."
      ],
      "assessor_notes": "Encourages continuous ethical auditing aligned with AI evolution."
    }
  },
  "scoring": {
    "score_override": {
      "real_time_transparency": null,
      "explainability": null,
      "accountability": null,
      "human_oversight": null,
      "privacy": null,
      "data_protection": null,
      "continuous_ethics_monitoring": null
    },
    "total_score_manual_override": null
  }
}