{
  "$schema": "https://example.org/ethical-ai-paper.schema.json",
  "paper_id": "01_unified_framework_ai_society",
  "metadata": {
    "title": "A Unified Framework of Five Principles for AI in Society",
    "authors": "Luciano Floridi, Josh Cowls",
    "year": "2019",
    "venue": "Harvard Data Science Review, Issue 1.1",
    "link": "https://doi.org/10.1162/99608f92.8cd550d1"
  },
  "summary": {
    "goal": "To synthesize existing AI ethics principles into a unified framework of five key ethical principles for AI governance.",
    "method": "Comparative analysis of six high-profile AI ethics initiatives (Asilomar, Montreal Declaration, IEEE, EGE, AIUK, Partnership on AI).",
    "use_case_or_domain": "AI ethics governance and societal policy.",
    "deployment_context": "Conceptual framework later operationalized in European AI policy and OECD recommendations."
  },
  "evidence": {
    "real_time_transparency": {
      "present": true,
      "quotes_or_pointers": [
        "All of them refer to the need to understand and hold to account the decision-making processes of AI\u2026 expressed as \u2018transparency\u2019 in Asilomar and EGE."
      ],
      "assessor_notes": "Transparency explicitly identified as necessary for ethical AI decision-making."
    },
    "explainability": {
      "present": true,
      "quotes_or_pointers": [
        "Explicability, understood as intelligibility (\u2018how does it work?\u2019) and accountability (\u2018who is responsible for the way it works?\u2019)."
      ],
      "assessor_notes": "Introduces explicability as a synthesis of explainability and accountability."
    },
    "accountability": {
      "present": true,
      "quotes_or_pointers": [
        "Accountability\u2026 as an answer to the question \u2018who is responsible for the way it works?\u2019"
      ],
      "assessor_notes": "Responsibility for AI outcomes emphasized as a core element."
    },
    "human_oversight": {
      "present": true,
      "quotes_or_pointers": [
        "Humans should choose how and whether to delegate decisions to AI systems\u2026 any delegation should remain overridable."
      ],
      "assessor_notes": "Highlights human decision control and meta-autonomy."
    },
    "privacy": {
      "present": true,
      "quotes_or_pointers": [
        "Prevention of infringements on personal privacy\u2026 included as a principle in five of the six sets."
      ],
      "assessor_notes": "Privacy positioned within non-maleficence \u2014 essential to ethical design."
    },
    "data_protection": {
      "present": true,
      "quotes_or_pointers": [
        "Avoid misuse\u2026 working against the risks arising from technological innovations."
      ],
      "assessor_notes": "Responsible handling of data emphasized as part of harm prevention."
    },
    "continuous_ethics_monitoring": {
      "present": true,
      "quotes_or_pointers": [
        "Framework adopted by AI4People and OECD AI Principles across 42 countries."
      ],
      "assessor_notes": "Demonstrates institutionalization and long-term ethical governance."
    }
  },
  "scoring": {
    "score_override": {
      "real_time_transparency": null,
      "explainability": null,
      "accountability": null,
      "human_oversight": null,
      "privacy": null,
      "data_protection": null,
      "continuous_ethics_monitoring": null
    },
    "total_score_manual_override": null
  }
}