{
  "$schema": "https://example.org/ethical-ai-paper.schema.json",
  "paper_id": "13_legal_implications_data_privacy_ai_ethics",
  "metadata": {
    "title": "The Legal Implications of Data Privacy Laws, Cybersecurity Regulations, and AI Ethics in a Digital Society",
    "authors": "Eddy Sumartono, Rois Harliyanto, Sahat Maruli Tua Situmeang, Darwin Steven Siagian, Ema Septaria",
    "year": "2024",
    "venue": "The Journal of Academic Science, Vol. 1, No. 2, E-ISSN 2997-7258",
    "link": "https://thejoas.com/index.php/"
  },
  "summary": {
    "goal": "To explore how data privacy laws, cybersecurity regulations, and AI ethics frameworks interact to shape governance and individual rights in digital societies.",
    "method": "Qualitative study using legal document analysis, expert interviews, and case studies of GDPR, NISD, and AI ethics frameworks.",
    "use_case_or_domain": "Legal governance of AI ethics, cybersecurity, and data protection.",
    "deployment_context": "Applied and policy-oriented; emphasizes continuous monitoring, ethical alignment, and integration of legal frameworks for responsible AI."
  },
  "evidence": {
    "real_time_transparency": {
      "present": true,
      "quotes_or_pointers": [
        "Transparency in AI decision-making is crucial for building public trust."
      ],
      "assessor_notes": "Transparency tied to AI system trust and legal compliance."
    },
    "explainability": {
      "present": true,
      "quotes_or_pointers": [
        "Ensuring transparency in complex AI models requires advanced technical solutions and regulatory oversight."
      ],
      "assessor_notes": "Explainability emphasized for ensuring lawful and understandable AI outputs."
    },
    "accountability": {
      "present": true,
      "quotes_or_pointers": [
        "Establishing clear accountability frameworks is essential to ensure that individuals and organizations can be held responsible for the actions of AI systems."
      ],
      "assessor_notes": "Defines accountability as a shared legal and ethical responsibility."
    },
    "human_oversight": {
      "present": true,
      "quotes_or_pointers": [
        "Human oversight should be maintained through review and audit processes integrated into the AI lifecycle."
      ],
      "assessor_notes": "Human involvement essential for ethical validation of AI processes."
    },
    "privacy": {
      "present": true,
      "quotes_or_pointers": [
        "Data privacy laws such as GDPR aim to protect individuals\u2019 personal information from misuse and unauthorized access."
      ],
      "assessor_notes": "Privacy law enforcement forms foundation for ethical AI governance."
    },
    "data_protection": {
      "present": true,
      "quotes_or_pointers": [
        "Cybersecurity regulations are critical in protecting digital infrastructure and preventing data breaches."
      ],
      "assessor_notes": "Data protection is central to maintaining trust and compliance."
    },
    "continuous_ethics_monitoring": {
      "present": true,
      "quotes_or_pointers": [
        "AI ethics frameworks require continuous updates to address emerging ethical dilemmas."
      ],
      "assessor_notes": "Highlights evolving nature of AI ethics and need for ongoing oversight."
    }
  },
  "scoring": {
    "score_override": {
      "real_time_transparency": null,
      "explainability": null,
      "accountability": null,
      "human_oversight": null,
      "privacy": null,
      "data_protection": null,
      "continuous_ethics_monitoring": null
    },
    "total_score_manual_override": null
  }
}