{
  "$schema": "https://example.org/ethical-ai-paper.schema.json",
  "paper_id": "05_ethics_of_ai_ethics_guidelines",
  "metadata": {
    "title": "The Ethics of AI Ethics: An Evaluation of Guidelines",
    "authors": "Thilo Hagendorff",
    "year": "2020",
    "venue": "Minds and Machines (Springer)",
    "link": "https://doi.org/10.1007/s11023-020-09517-8"
  },
  "summary": {
    "goal": "To analyze and evaluate 22 AI ethics guidelines from industry, government, and academia to identify shared principles, omissions, and implementation challenges.",
    "method": "Comparative and content analysis of AI ethics frameworks, assessing overlaps, omissions, and practical feasibility.",
    "use_case_or_domain": "AI governance, policy frameworks, and ethics standardization.",
    "deployment_context": "Evaluation of ethical guidelines in applied and institutional contexts across global AI organizations."
  },
  "evidence": {
    "real_time_transparency": {
      "present": true,
      "quotes_or_pointers": [
        "Transparency is one of the most frequently mentioned principles, yet often lacks specific mechanisms for implementation."
      ],
      "assessor_notes": "Highlights transparency as a recurring but weakly operationalized theme in most guidelines."
    },
    "explainability": {
      "present": true,
      "quotes_or_pointers": [
        "Explainability is connected to fairness and accountability; many guidelines emphasize it as key for user trust."
      ],
      "assessor_notes": "Explainability identified as technically feasible but often limited to conceptual statements."
    },
    "accountability": {
      "present": true,
      "quotes_or_pointers": [
        "Accountability is discussed in nearly all guidelines but remains vague, often shifting responsibility to organizations rather than individuals."
      ],
      "assessor_notes": "Accountability treated as an ethical ideal rather than enforceable standard."
    },
    "human_oversight": {
      "present": true,
      "quotes_or_pointers": [
        "While human control and oversight are mentioned frequently, few frameworks describe concrete auditing or intervention mechanisms."
      ],
      "assessor_notes": "Human-in-the-loop oversight cited as necessary but underdefined in practice."
    },
    "privacy": {
      "present": true,
      "quotes_or_pointers": [
        "Privacy is among the most consistent ethical dimensions, focusing on personal data protection and informed consent."
      ],
      "assessor_notes": "Privacy principles widely included, yet undermined by weak regulatory enforcement and surveillance trends."
    },
    "data_protection": {
      "present": true,
      "quotes_or_pointers": [
        "Data protection and security are common, with technical measures like anonymization and differential privacy mentioned."
      ],
      "assessor_notes": "Data protection linked closely with technical safeguards but limited societal impact discussed."
    },
    "continuous_ethics_monitoring": {
      "present": false,
      "quotes_or_pointers": [
        "Ethics is often treated as a static checklist rather than a continuous process of monitoring and adaptation."
      ],
      "assessor_notes": "Identified absence of continuous ethical governance mechanisms; ethics lacks dynamic feedback structures."
    }
  },
  "scoring": {
    "score_override": {
      "real_time_transparency": null,
      "explainability": null,
      "accountability": null,
      "human_oversight": null,
      "privacy": null,
      "data_protection": null,
      "continuous_ethics_monitoring": null
    },
    "total_score_manual_override": null
  }
}