{
  "$schema": "https://example.org/ethical-ai-paper.schema.json",
  "paper_id": "29_intersection_ai_cybersecurity_challenges_opportunities",
  "metadata": {
    "title": "The Intersection of Artificial Intelligence and Cybersecurity: Challenges and Opportunities",
    "authors": "Adewale Daniel Sontan, Segun Victor Samuel",
    "year": "2024",
    "venue": "World Journal of Advanced Research and Reviews, Vol. 21, Issue 2, pp. 1720\u20131736",
    "doi": "10.30574/wjarr.2024.21.2.0607"
  },
  "summary": {
    "goal": "To explore the relationship between artificial intelligence and cybersecurity, identifying both the challenges and opportunities arising from AI integration into cyber defense systems.",
    "method": "Comprehensive literature review and conceptual analysis focusing on AI-enabled cybersecurity systems, their benefits, vulnerabilities, and ethical implications.",
    "use_case_or_domain": "AI-driven cybersecurity applications including intrusion detection, automated defense, and ethical governance frameworks.",
    "deployment_context": "Cyber defense systems in government, corporate, and critical infrastructure settings where AI assists or automates detection, prediction, and response."
  },
  "evidence": {
    "real_time_transparency": {
      "present": true,
      "quotes_or_pointers": [
        "Transparency is critical to ensuring trust in AI-driven cybersecurity, as black-box models hinder effective oversight and accountability."
      ],
      "assessor_notes": "Paper identifies lack of transparency as a key ethical obstacle in AI-based security systems."
    },
    "explainability": {
      "present": true,
      "quotes_or_pointers": [
        "Explainable AI is essential to interpret cybersecurity model decisions, improving analysts' confidence and enabling ethical validation."
      ],
      "assessor_notes": "Positions explainability as a necessary bridge between performance and ethical governance."
    },
    "accountability": {
      "present": true,
      "quotes_or_pointers": [
        "Accountability frameworks must define responsibility for AI-generated actions, particularly in automated incident response."
      ],
      "assessor_notes": "Calls for defined governance roles to manage liability and ethical compliance in AI systems."
    },
    "human_oversight": {
      "present": true,
      "quotes_or_pointers": [
        "Human oversight remains crucial to ensure ethical control and decision validation within automated cybersecurity operations."
      ],
      "assessor_notes": "Emphasizes human-in-the-loop supervision to avoid over-reliance on AI systems."
    },
    "privacy": {
      "present": true,
      "quotes_or_pointers": [
        "AI\u2019s capacity for large-scale data analysis introduces privacy risks that must be balanced with cybersecurity benefits."
      ],
      "assessor_notes": "Raises concerns regarding data exploitation and calls for privacy-preserving AI designs."
    },
    "data_protection": {
      "present": true,
      "quotes_or_pointers": [
        "Effective cybersecurity AI should integrate strong encryption, secure learning, and anonymization to protect sensitive data."
      ],
      "assessor_notes": "Advocates privacy-by-design and secure data governance as ethical imperatives."
    },
    "continuous_ethics_monitoring": {
      "present": true,
      "quotes_or_pointers": [
        "Ethical governance should be iterative, ensuring continuous adaptation of AI systems to new threats and societal norms."
      ],
      "assessor_notes": "Encourages dynamic ethical audits and continuous improvement cycles."
    }
  },
  "scoring": {
    "score_override": {
      "real_time_transparency": null,
      "explainability": null,
      "accountability": null,
      "human_oversight": null,
      "privacy": null,
      "data_protection": null,
      "continuous_ethics_monitoring": null
    },
    "total_score_manual_override": null
  }
}