{
  "$schema": "https://example.org/ethical-ai-paper.schema.json",
  "paper_id": "30_ai_driven_solutions_comparative_ethics",
  "metadata": {
    "title": "AI-driven solutions for cybersecurity: comparative analysis and ethical aspects",
    "authors": "Andreea Dinu, Paul Cristian Vasile, Alexandru Georgescu",
    "year": "2024",
    "venue": "Romanian Journal of Information Technology and Automatic Control, Vol. 34, No. 3, pp. 35\u201348",
    "doi": "10.33436/v34i3y202403"
  },
  "summary": {
    "goal": "To survey recent AI applications in cybersecurity, provide a comparative analysis of model performance, and discuss ethical aspects of AI deployment in security contexts.",
    "method": "Literature synthesis and comparative review of AI approaches (malware detection, IDS, IoT traffic analysis, LLM-enabled training/policies) with an explicit ethics section covering risks and governance needs.",
    "use_case_or_domain": "AI-enabled cybersecurity including malware classification, intrusion detection, IoT traffic analysis, security policy automation, and training/exercises.",
    "deployment_context": "Operational and research settings where AI supports or automates cyber defense; emphasis on ethical governance and risk-aware deployment."
  },
  "evidence": {
    "real_time_transparency": {
      "present": true,
      "quotes_or_pointers": [
        "Transparency and explainability deficits in deep models hinder accountability of AI-driven cybersecurity decisions (p. 44)."
      ],
      "assessor_notes": "Paper highlights the 'black box' concern and calls for transparent/understandable decision paths in security tooling."
    },
    "explainability": {
      "present": true,
      "quotes_or_pointers": [
        "Lack of transparency and explainability challenges trust in AI cybersecurity outcomes (p. 44)."
      ],
      "assessor_notes": "Recommends interpretable models and rationale disclosure to justify security actions."
    },
    "accountability": {
      "present": true,
      "quotes_or_pointers": [
        "Determining responsibility for AI errors or failures to stop incidents is a major problem; explicit guidelines and frameworks are needed (p. 44)."
      ],
      "assessor_notes": "Calls for governance mechanisms to assign responsibility across the AI lifecycle."
    },
    "human_oversight": {
      "present": true,
      "quotes_or_pointers": [
        "Warns against overreliance on AI without sufficient human oversight, which can create vulnerabilities and false positives (p. 44)."
      ],
      "assessor_notes": "Endorses human-in/on-the-loop checks for material-impact actions."
    },
    "privacy": {
      "present": true,
      "quotes_or_pointers": [
        "Processing large volumes of personal data for threat analysis raises privacy concerns and requires strong safeguards (p. 44)."
      ],
      "assessor_notes": "Advocates data minimization and consent-aware processing for telemetry and monitoring."
    },
    "data_protection": {
      "present": true,
      "quotes_or_pointers": [
        "Stresses data security and misuse risks; recommends strong protection protocols for training and operational data (p. 44)."
      ],
      "assessor_notes": "Supports encryption, access controls, secure MLOps, and robustness against adversarial manipulation."
    },
    "continuous_ethics_monitoring": {
      "present": true,
      "quotes_or_pointers": [
        "Notes need for continuous learning and adaptation of AI models and ongoing monitoring/updates to remain effective against evolving threats (pp. 43\u201344)."
      ],
      "assessor_notes": "Encourages iterative governance, audits, and updates as threats and norms evolve."
    }
  },
  "scoring": {
    "score_override": {
      "real_time_transparency": null,
      "explainability": null,
      "accountability": null,
      "human_oversight": null,
      "privacy": null,
      "data_protection": null,
      "continuous_ethics_monitoring": null
    },
    "total_score_manual_override": null
  }
}