{
  "$schema": "https://example.org/ethical-ai-paper.schema.json",
  "paper_id": "10_trusting_ai_cybersecurity",
  "metadata": {
    "title": "Trusting AI in Cybersecurity: An Empirical Study of Perceptions on Ethical Decision-Making",
    "authors": "Shaila Rana, Rhonda Chicone",
    "year": "2024",
    "venue": "Issues in Information Systems, Vol. 25, Issue 2, pp. 256-266",
    "link": "https://doi.org/10.48009/2_iis_2024_121"
  },
  "summary": {
    "goal": "To empirically assess perceptions of trust and reliability in AI's ethical decision-making in cybersecurity across professional and public groups.",
    "method": "Quantitative survey study using the Technology Acceptance Model (TAM) with 119 participants, analyzed via t-tests and correlation coefficients.",
    "use_case_or_domain": "Ethical AI in cybersecurity and trust perception analysis.",
    "deployment_context": "Applied and policy-relevant; informs governance, design, and public engagement in AI for cybersecurity."
  },
  "evidence": {
    "real_time_transparency": {
      "present": true,
      "quotes_or_pointers": [
        "Organizations using AI in cybersecurity should be transparent about their ethical guidelines."
      ],
      "assessor_notes": "Transparency emphasized as key for ethical governance and trust."
    },
    "explainability": {
      "present": true,
      "quotes_or_pointers": [
        "Educating the public about AI\u2019s capabilities and limitations could improve overall trust and reliability perceptions."
      ],
      "assessor_notes": "Explainability and communication drive trust and user understanding."
    },
    "accountability": {
      "present": true,
      "quotes_or_pointers": [
        "Regulations and standards should ensure AI systems in cybersecurity are developed and used in an ethically responsible manner."
      ],
      "assessor_notes": "Accountability associated with legal and institutional mechanisms for governance."
    },
    "human_oversight": {
      "present": true,
      "quotes_or_pointers": [
        "Human oversight is necessary to ensure the ethical use of AI in cybersecurity."
      ],
      "assessor_notes": "Human supervision considered essential to maintain ethical control."
    },
    "privacy": {
      "present": true,
      "quotes_or_pointers": [
        "Participants expressed concern about AI invading personal privacy in cybersecurity."
      ],
      "assessor_notes": "Privacy concerns central to ethical risk perception and acceptance."
    },
    "data_protection": {
      "present": true,
      "quotes_or_pointers": [
        "Regulatory frameworks play a significant role in ensuring adherence with ethical principles, data privacy regulations, and accountability mechanisms."
      ],
      "assessor_notes": "Data protection seen as a regulatory and operational requirement."
    },
    "continuous_ethics_monitoring": {
      "present": true,
      "quotes_or_pointers": [
        "Ethics cannot be static\u2014systems must be evaluated continuously as technologies evolve."
      ],
      "assessor_notes": "Promotes continuous ethical review and lifecycle monitoring."
    }
  },
  "scoring": {
    "score_override": {
      "real_time_transparency": null,
      "explainability": null,
      "accountability": null,
      "human_oversight": null,
      "privacy": null,
      "data_protection": null,
      "continuous_ethics_monitoring": null
    },
    "total_score_manual_override": null
  }
}