{
  "$schema": "https://example.org/ethical-ai-paper.schema.json",
  "paper_id": "09_toward_trustworthy_ai",
  "metadata": {
    "title": "Toward Trustworthy AI Development: Mechanisms for Supporting Verifiable Claims",
    "authors": "Jess Whittlestone, Rune Nyrup, Anna Alexandrova, Stephen Cave, Karina Vold",
    "year": "2019",
    "venue": "Centre for the Future of Intelligence, University of Cambridge",
    "link": "https://www.cfi.cam.ac.uk/publications/toward-trustworthy-ai-development"
  },
  "summary": {
    "goal": "To establish mechanisms that enable verifiable claims for trustworthy AI, bridging ethics and practical implementation.",
    "method": "Conceptual analysis combined with policy recommendations, focusing on assurance and governance structures for ethical AI.",
    "use_case_or_domain": "AI governance, assurance frameworks, and responsible innovation.",
    "deployment_context": "Applied; provides practical guidance for organizations to implement and verify ethical AI development processes."
  },
  "evidence": {
    "real_time_transparency": {
      "present": true,
      "quotes_or_pointers": [
        "Developers should make claims about system behavior verifiable through documentation, testing, and transparency mechanisms."
      ],
      "assessor_notes": "Transparency operationalized through verifiable claims and open documentation."
    },
    "explainability": {
      "present": true,
      "quotes_or_pointers": [
        "Explainability is key to verifying AI systems\u2019 fairness, robustness, and reliability."
      ],
      "assessor_notes": "Interpretability positioned as core to measurable trustworthiness."
    },
    "accountability": {
      "present": true,
      "quotes_or_pointers": [
        "Accountability requires clear allocation of responsibility for AI outcomes, including documentation of decision rationales."
      ],
      "assessor_notes": "Responsibility mapped through audit trails and traceable system claims."
    },
    "human_oversight": {
      "present": true,
      "quotes_or_pointers": [
        "Human oversight should be maintained through review and audit processes integrated into the AI lifecycle."
      ],
      "assessor_notes": "Oversight framed as procedural and ongoing throughout system development."
    },
    "privacy": {
      "present": true,
      "quotes_or_pointers": [
        "Trustworthiness depends on respecting privacy and security obligations throughout the system lifecycle."
      ],
      "assessor_notes": "Privacy and security integrated as continuous assurance domains."
    },
    "data_protection": {
      "present": true,
      "quotes_or_pointers": [
        "Mechanisms for data traceability and governance should accompany assurance processes."
      ],
      "assessor_notes": "Data governance mechanisms linked with traceability and accountability."
    },
    "continuous_ethics_monitoring": {
      "present": true,
      "quotes_or_pointers": [
        "Trustworthy AI development involves continuous monitoring, assessment, and updating of claims as systems evolve."
      ],
      "assessor_notes": "Explicitly advocates adaptive oversight and lifecycle monitoring."
    }
  },
  "scoring": {
    "score_override": {
      "real_time_transparency": null,
      "explainability": null,
      "accountability": null,
      "human_oversight": null,
      "privacy": null,
      "data_protection": null,
      "continuous_ethics_monitoring": null
    },
    "total_score_manual_override": null
  }
}