{
  "$schema": "https://example.org/ethical-ai-paper.schema.json",
  "paper_id": "21_securing_ai_frontier_ethics_cybersecurity",
  "metadata": {
    "title": "Securing the AI Frontier: Urgent Ethical and Regulatory Imperatives for AI-Driven Cybersecurity",
    "authors": "Vikram Kulothungan",
    "year": "2024",
    "venue": "AI and Ethics",
    "institution": "Capitol Technology University, North Bergen, U.S.A."
  },
  "summary": {
    "goal": "To critically examine the ethical and regulatory challenges of integrating AI into cybersecurity and propose strategies for unified, globally harmonized governance.",
    "method": "Conceptual and policy analysis of AI ethics frameworks, combining historical review, case-based analysis, and cross-sector regulatory comparison.",
    "use_case_or_domain": "AI ethics, cybersecurity governance, policy harmonization, regulatory frameworks.",
    "deployment_context": "Global policy-making and ethical oversight in AI-driven cybersecurity applications."
  },
  "evidence": {
    "real_time_transparency": {
      "present": true,
      "quotes_or_pointers": [
        "The black-box nature of many AI systems poses significant challenges for transparency and explainability in cybersecurity applications."
      ],
      "assessor_notes": "Transparency essential for operational trust in AI-driven cybersecurity."
    },
    "explainability": {
      "present": true,
      "quotes_or_pointers": [
        "Explainable AI (XAI) is critical in cybersecurity contexts, where decision-makers need clear explanations of why a particular threat was detected."
      ],
      "assessor_notes": "Explainability linked to both performance and ethical responsibility."
    },
    "accountability": {
      "present": true,
      "quotes_or_pointers": [
        "Determining responsibility for AI-related actions\u2014particularly in the case of security breaches or false positives\u2014poses significant challenges."
      ],
      "assessor_notes": "Accountability highlighted as core to trust and liability in AI systems."
    },
    "human_oversight": {
      "present": true,
      "quotes_or_pointers": [
        "Maintaining appropriate human oversight in AI-driven cybersecurity systems is critical \u2026 the principle of 'human-in-the-loop' governance is especially important."
      ],
      "assessor_notes": "Human oversight positioned as a safeguard against automation risk."
    },
    "privacy": {
      "present": true,
      "quotes_or_pointers": [
        "AI systems deployed in cybersecurity often require access to vast amounts of data \u2026 raising significant concerns about privacy and data protection."
      ],
      "assessor_notes": "Emphasizes privacy-preserving design in AI threat detection systems."
    },
    "data_protection": {
      "present": true,
      "quotes_or_pointers": [
        "Techniques such as federated learning and homomorphic encryption offer promising ways to protect privacy while maintaining security."
      ],
      "assessor_notes": "Promotes privacy-by-design and cryptographic safeguards."
    },
    "continuous_ethics_monitoring": {
      "present": true,
      "quotes_or_pointers": [
        "Future frameworks should be adaptive and capable of continuous updates to address emerging ethical and technological challenges."
      ],
      "assessor_notes": "Advocates adaptive and continuous ethical governance mechanisms."
    }
  },
  "scoring": {
    "score_override": {
      "real_time_transparency": null,
      "explainability": null,
      "accountability": null,
      "human_oversight": null,
      "privacy": null,
      "data_protection": null,
      "continuous_ethics_monitoring": null
    },
    "total_score_manual_override": null
  }
}