{
  "$schema": "https://example.org/ethical-ai-paper.schema.json",
  "paper_id": "08_ethical_governance_trust_ai",
  "metadata": {
    "title": "Ethical Governance is Essential to Building Trust in Robotics and Artificial Intelligence Systems",
    "authors": "Alan F. T. Winfield, Marina Jirotka",
    "year": "2018",
    "venue": "Philosophical Transactions of the Royal Society A",
    "link": "https://doi.org/10.1098/rsta.2018.0085"
  },
  "summary": {
    "goal": "To propose an ethical governance roadmap integrating ethics, standards, and regulation to build public trust in robotics and AI.",
    "method": "Conceptual roadmap and framework analysis linking ethical principles, responsible innovation, and regulatory mechanisms.",
    "use_case_or_domain": "Ethical governance of robotics and AI systems.",
    "deployment_context": "Policy and applied ethics; proposes five actionable pillars for institutional governance and responsible innovation."
  },
  "evidence": {
    "real_time_transparency": {
      "present": true,
      "quotes_or_pointers": [
        "Transparency is a core principle of ethical governance\u2026 organizations should publish terms of reference and evidence of ethical practice."
      ],
      "assessor_notes": "Transparency central to trust-building and governance credibility."
    },
    "explainability": {
      "present": true,
      "quotes_or_pointers": [
        "Systems should be explainable or capable of explaining their actions to non-experts."
      ],
      "assessor_notes": "Explainability ensures accountability and facilitates post-incident analysis."
    },
    "accountability": {
      "present": true,
      "quotes_or_pointers": [
        "Responsibility for AI actions must remain with human designers and operators, not the systems themselves."
      ],
      "assessor_notes": "Assigns moral and legal accountability explicitly to human stakeholders."
    },
    "human_oversight": {
      "present": true,
      "quotes_or_pointers": [
        "Humans must retain meaningful control and the capacity to override AI decisions."
      ],
      "assessor_notes": "Supports strong human oversight and ethical intervention."
    },
    "privacy": {
      "present": true,
      "quotes_or_pointers": [
        "Societal hazards include loss of trust, deception, privacy and confidentiality."
      ],
      "assessor_notes": "Privacy identified as a core dimension of societal trust and ethical risk management."
    },
    "data_protection": {
      "present": true,
      "quotes_or_pointers": [
        "AI systems must integrate data minimization and security principles to prevent misuse."
      ],
      "assessor_notes": "Data protection linked to responsible design and regulatory compliance."
    },
    "continuous_ethics_monitoring": {
      "present": true,
      "quotes_or_pointers": [
        "Ethics cannot be static\u2026 systems must be evaluated continuously as technologies evolve."
      ],
      "assessor_notes": "Encourages lifelong ethical monitoring as part of responsible innovation."
    }
  },
  "scoring": {
    "score_override": {
      "real_time_transparency": null,
      "explainability": null,
      "accountability": null,
      "human_oversight": null,
      "privacy": null,
      "data_protection": null,
      "continuous_ethics_monitoring": null
    },
    "total_score_manual_override": null
  }
}