{
  "$schema": "https://example.org/ethical-ai-paper.schema.json",
  "paper_id": "23_ai_hype_cybersecurity_ethics",
  "metadata": {
    "title": "AI Hype as a Cyber Security Risk: The Moral Responsibility of Implementing Generative AI in Business",
    "authors": "Declan Humphreys, Abigail Koay, Dennis Desmond, Erica Mealy",
    "year": "2024",
    "venue": "AI and Ethics",
    "doi": "10.1007/s43681-024-00443-4",
    "institution": "University of the Sunshine Coast, Queensland, Australia"
  },
  "summary": {
    "goal": "To examine the ethical responsibilities of organizations adopting generative AI in business and assess cybersecurity risks arising from AI hype.",
    "method": "Conceptual ethical framework combining AI4People and principlist cybersecurity ethics (beneficence, non-maleficence, autonomy, justice, explicability).",
    "use_case_or_domain": "Business ethics, AI governance, cybersecurity ethics, generative AI risk management.",
    "deployment_context": "Corporate AI adoption, integrating generative AI into business operations with ethical safeguards."
  },
  "evidence": {
    "real_time_transparency": {
      "present": true,
      "quotes_or_pointers": [
        "Implementing an AI solution into business should also come with relevant training as it should be clear who is accountable and responsible for its use."
      ],
      "assessor_notes": "Transparency in processes and accountability structures enhances ethical deployment."
    },
    "explainability": {
      "present": true,
      "quotes_or_pointers": [
        "Companies should ensure their AI training is easily explainable and transparent in its design."
      ],
      "assessor_notes": "Promotes explicability to ensure fair and understandable AI operation."
    },
    "accountability": {
      "present": true,
      "quotes_or_pointers": [
        "Explicability entails who is made accountable for failures in cyber security."
      ],
      "assessor_notes": "Accountability emphasized as essential to assign responsibility in AI ethics."
    },
    "human_oversight": {
      "present": true,
      "quotes_or_pointers": [
        "Guardrails should be in place to ensure that AI implementation is not providing more avenues for employees to make mistakes."
      ],
      "assessor_notes": "Human oversight required to prevent overreliance and ensure safety."
    },
    "privacy": {
      "present": true,
      "quotes_or_pointers": [
        "By trusting generative AI systems to store and process data, organisations could also be exposing themselves to added security threats."
      ],
      "assessor_notes": "Privacy framed as a moral and cybersecurity duty."
    },
    "data_protection": {
      "present": true,
      "quotes_or_pointers": [
        "Companies need to ensure data collected is accurate, fair, representative, and legally sourced."
      ],
      "assessor_notes": "Stresses fair, lawful, and transparent data use."
    },
    "continuous_ethics_monitoring": {
      "present": true,
      "quotes_or_pointers": [
        "AI model retraining and maintenance must be done to ensure it maintains its ethical standards and accuracy."
      ],
      "assessor_notes": "Supports periodic evaluation and updating to sustain ethical performance."
    }
  },
  "scoring": {
    "score_override": {
      "real_time_transparency": null,
      "explainability": null,
      "accountability": null,
      "human_oversight": null,
      "privacy": null,
      "data_protection": null,
      "continuous_ethics_monitoring": null
    },
    "total_score_manual_override": null
  }
}