{
  "$schema": "https://example.org/ethical-ai-paper.schema.json",
  "paper_id": "14_framework_ai_ethics_cybersecurity",
  "metadata": {
    "title": "A Framework for Assessing AI Ethics with Applications to Cybersecurity",
    "authors": "Danilo Bruschi, Nicla Diomede",
    "year": "2023",
    "venue": "AI and Ethics (Springer)",
    "link": "https://doi.org/10.1007/s43681-022-00162-8"
  },
  "summary": {
    "goal": "To introduce a risk-based ethical assessment framework that correlates AI system risk with ethical principle infringements in cybersecurity contexts.",
    "method": "Qualitative risk matrix approach linking event likelihood, loss severity, and ethical infringement levels, validated through cybersecurity case studies.",
    "use_case_or_domain": "AI ethics risk assessment in cybersecurity, intrusion detection, and SOC automation.",
    "deployment_context": "Applied framework guiding decision-makers to balance ethical principles through measurable safeguards and continuous monitoring."
  },
  "evidence": {
    "real_time_transparency": {
      "present": true,
      "quotes_or_pointers": [
        "Transparency matrices and safeguards can restore balance once violations are detected (Table 3)."
      ],
      "assessor_notes": "Promotes transparent and traceable ethical risk decisions."
    },
    "explainability": {
      "present": true,
      "quotes_or_pointers": [
        "The framework correlates risk with ethical infringement severity, explicitly mapping ethical consequences."
      ],
      "assessor_notes": "Explains ethical tradeoffs quantitatively via matrices."
    },
    "accountability": {
      "present": true,
      "quotes_or_pointers": [
        "Decision-makers can correlate risk reduction with privacy infringement and adopt safeguards accordingly."
      ],
      "assessor_notes": "Accountability embedded through quantifiable ethical assessment."
    },
    "human_oversight": {
      "present": true,
      "quotes_or_pointers": [
        "Humans must validate and supervise automated responses to ensure compliance (Table 5)."
      ],
      "assessor_notes": "Maintains human-in-the-loop governance."
    },
    "privacy": {
      "present": true,
      "quotes_or_pointers": [
        "Tension arises between privacy and prevention of harm; AI identity management collects biometric and behavioral data (Table 4)."
      ],
      "assessor_notes": "Assesses privacy loss under various AI system configurations."
    },
    "data_protection": {
      "present": true,
      "quotes_or_pointers": [
        "GDPR compliance and encryption safeguard against model poisoning and unauthorized data access (Tables 5\u20136)."
      ],
      "assessor_notes": "Integrates technical and legal safeguards for data protection."
    },
    "continuous_ethics_monitoring": {
      "present": true,
      "quotes_or_pointers": [
        "Ethical evaluation should continue throughout deployment as technologies evolve."
      ],
      "assessor_notes": "Endorses ongoing ethical monitoring throughout AI lifecycle."
    }
  },
  "scoring": {
    "score_override": {
      "real_time_transparency": null,
      "explainability": null,
      "accountability": null,
      "human_oversight": null,
      "privacy": null,
      "data_protection": null,
      "continuous_ethics_monitoring": null
    },
    "total_score_manual_override": null
  }
}