{
  "$schema": "https://example.org/ethical-ai-paper.schema.json",
  "paper_id": "07_understanding_ai_ethics_safety",
  "metadata": {
    "title": "Understanding Artificial Intelligence Ethics and Safety",
    "authors": "Joanna J. Bryson",
    "year": "2019",
    "venue": "The Alan Turing Institute Technical Report",
    "link": "https://arxiv.org/abs/1906.05684"
  },
  "summary": {
    "goal": "To clarify misconceptions in AI ethics, define human accountability, and propose governance mechanisms ensuring safe and responsible AI systems.",
    "method": "Conceptual analysis integrating computer science, philosophy, and policy frameworks to develop actionable ethical guidelines.",
    "use_case_or_domain": "AI ethics, safety, and governance policy frameworks.",
    "deployment_context": "Designed to guide both policymakers and AI developers in establishing transparent and accountable AI systems."
  },
  "evidence": {
    "real_time_transparency": {
      "present": true,
      "quotes_or_pointers": [
        "Transparency is necessary for establishing accountability and enabling effective regulation of AI systems."
      ],
      "assessor_notes": "Transparency is defined as a prerequisite for regulation and trust."
    },
    "explainability": {
      "present": true,
      "quotes_or_pointers": [
        "AI systems should be interpretable to ensure users can understand their decisions and identify sources of error."
      ],
      "assessor_notes": "Explainability enhances reliability and user comprehension."
    },
    "accountability": {
      "present": true,
      "quotes_or_pointers": [
        "Responsibility for AI actions must remain with human designers and operators, not the systems themselves."
      ],
      "assessor_notes": "Assigns moral and legal accountability explicitly to humans."
    },
    "human_oversight": {
      "present": true,
      "quotes_or_pointers": [
        "Humans must retain meaningful control and the capacity to override AI decisions."
      ],
      "assessor_notes": "Supports oversight to prevent autonomous malfunction or abuse."
    },
    "privacy": {
      "present": true,
      "quotes_or_pointers": [
        "AI development must respect individual autonomy and data privacy rights."
      ],
      "assessor_notes": "Promotes respect for privacy and autonomy as core ethical obligations."
    },
    "data_protection": {
      "present": true,
      "quotes_or_pointers": [
        "Data minimization and security must be integral to AI system design to avoid harm and misuse."
      ],
      "assessor_notes": "Encourages privacy-by-design to safeguard data and prevent abuse."
    },
    "continuous_ethics_monitoring": {
      "present": true,
      "quotes_or_pointers": [
        "Ethics cannot be treated as a one-off compliance task; systems must be evaluated continuously to adapt to evolving risks."
      ],
      "assessor_notes": "Reinforces the need for dynamic and ongoing ethical assessment."
    }
  },
  "scoring": {
    "score_override": {
      "real_time_transparency": null,
      "explainability": null,
      "accountability": null,
      "human_oversight": null,
      "privacy": null,
      "data_protection": null,
      "continuous_ethics_monitoring": null
    },
    "total_score_manual_override": null
  }
}