{
  "$schema": "https://example.org/ethical-ai-paper.schema.json",
  "paper_id": "27_challenges_ai_driven_cybersecurity",
  "metadata": {
    "title": "Challenges of AI-Driven Cybersecurity",
    "authors": "Roumiana Ilieva, Gloria Stoilova",
    "year": "2024",
    "venue": "IEEE Proceedings of the XXXIII International Scientific Conference Electronics (ET 2024)",
    "institution": "Technical University of Sofia, Faculty of Management",
    "doi": "10.1109/ET63133.2024.10721572"
  },
  "summary": {
    "goal": "To identify and analyze the ethical, technical, and legal challenges in AI-based cybersecurity systems.",
    "method": "Conceptual review of AI in cybersecurity, analyzing vulnerabilities, ethical dilemmas, and regulatory limitations.",
    "use_case_or_domain": "AI-based threat detection, automated incident response, and governance of AI in cybersecurity.",
    "deployment_context": "Institutional and corporate cybersecurity ecosystems using AI for defense, detection, and regulation compliance."
  },
  "evidence": {
    "real_time_transparency": {
      "present": true,
      "quotes_or_pointers": [
        "The transparency deficit in AI algorithms presents a considerable challenge within cybersecurity domains."
      ],
      "assessor_notes": "Transparency critical for accountability and stakeholder trust."
    },
    "explainability": {
      "present": true,
      "quotes_or_pointers": [
        "Improving the explainability and interpretability of AI models is crucial for building trust and confidence."
      ],
      "assessor_notes": "Calls for interpretable AI to ensure justified cybersecurity actions."
    },
    "accountability": {
      "present": true,
      "quotes_or_pointers": [
        "Assigning responsibility for outcomes proves complicated... explicit guidelines and regulatory frameworks required."
      ],
      "assessor_notes": "Emphasizes ethical responsibility through governance structures."
    },
    "human_oversight": {
      "present": true,
      "quotes_or_pointers": [
        "Balancing AI efficiency with human judgment is essential to prevent unintended harm."
      ],
      "assessor_notes": "Supports human decision oversight in autonomous AI operations."
    },
    "privacy": {
      "present": true,
      "quotes_or_pointers": [
        "Privacy and data guardianship assume a critical role, particularly in upholding confidentiality and guaranteeing integrity of sensitive datasets."
      ],
      "assessor_notes": "Privacy concerns directly linked to fairness and ethics."
    },
    "data_protection": {
      "present": true,
      "quotes_or_pointers": [
        "Potent methodologies such as data encryption and algorithmic bias surveillance prove indispensable in tackling privacy predicaments."
      ],
      "assessor_notes": "Promotes security-by-design and fairness surveillance."
    },
    "continuous_ethics_monitoring": {
      "present": true,
      "quotes_or_pointers": [
        "Continuous cooperation between cybersecurity professionals and AI researchers is crucial to anticipate evolving threats."
      ],
      "assessor_notes": "Recommends ongoing ethical and technical monitoring."
    }
  },
  "scoring": {
    "score_override": {
      "real_time_transparency": null,
      "explainability": null,
      "accountability": null,
      "human_oversight": null,
      "privacy": null,
      "data_protection": null,
      "continuous_ethics_monitoring": null
    },
    "total_score_manual_override": null
  }
}