{
  "$schema": "https://example.org/ethical-ai-paper.schema.json",
  "paper_id": "15_ethics_in_ai_cybersecurity",
  "metadata": {
    "title": "Ethics in Artificial Intelligence: An Approach to Cybersecurity",
    "authors": "Ariel L\u00f3pez Gonz\u00e1lez, Mailyn Moreno-Espino, Ariadna Claudia Moreno Rom\u00e1n, Yahima Hadfeg Fern\u00e1ndez, Nayma Cepero P\u00e9rez",
    "year": "2024",
    "venue": "Inteligencia Artificial, Vol. 27(73), pp. 38\u201354",
    "link": "https://doi.org/10.4114/intartif.vol27iss73pp38-54"
  },
  "summary": {
    "goal": "To analyze how ethical frameworks can guide artificial intelligence applications in cybersecurity and ensure responsible AI deployment.",
    "method": "Conceptual and applied analysis of AI ethics principles, cybersecurity mechanisms, and ethical hacking practices.",
    "use_case_or_domain": "AI ethics in cybersecurity, ethical hacking, privacy protection, and digital governance.",
    "deployment_context": "Applied-theoretical model integrating continuous ethical oversight, transparency, and compliance frameworks for AI-driven cybersecurity."
  },
  "evidence": {
    "real_time_transparency": {
      "present": true,
      "quotes_or_pointers": [
        "AI systems should be designed so that their decisions and actions are understandable to humans. Transparency allows greater accountability."
      ],
      "assessor_notes": "Transparency integrated to support interpretability and oversight in cyber defense."
    },
    "explainability": {
      "present": true,
      "quotes_or_pointers": [
        "Interpretability and transparency of AI algorithms are crucial for trust and safety in cybersecurity."
      ],
      "assessor_notes": "Advocates for explainable AI to reduce algorithmic opacity."
    },
    "accountability": {
      "present": true,
      "quotes_or_pointers": [
        "Developers and managers must take responsibility for ensuring AI acts according to established ethical principles."
      ],
      "assessor_notes": "Highlights shared accountability between human and institutional actors."
    },
    "human_oversight": {
      "present": true,
      "quotes_or_pointers": [
        "AI should not completely replace human supervision; instead, it should enhance human decision-making."
      ],
      "assessor_notes": "Encourages a hybrid human\u2013machine ethical decision model."
    },
    "privacy": {
      "present": true,
      "quotes_or_pointers": [
        "It is essential to ensure robust data protection mechanisms and respect the ethical principles of privacy and confidentiality."
      ],
      "assessor_notes": "Privacy positioned as a foundational ethical obligation."
    },
    "data_protection": {
      "present": true,
      "quotes_or_pointers": [
        "Cybersecurity is essential in AI system development. Systems must be protected against attacks and vulnerabilities."
      ],
      "assessor_notes": "Aligns cybersecurity protection with ethical compliance."
    },
    "continuous_ethics_monitoring": {
      "present": true,
      "quotes_or_pointers": [
        "AI behavior must be monitored and audited in real time to ensure compliance with ethical principles."
      ],
      "assessor_notes": "Continuous monitoring ensures evolving ethical governance."
    }
  },
  "scoring": {
    "score_override": {
      "real_time_transparency": null,
      "explainability": null,
      "accountability": null,
      "human_oversight": null,
      "privacy": null,
      "data_protection": null,
      "continuous_ethics_monitoring": null
    },
    "total_score_manual_override": null
  }
}