{
  "$schema": "https://example.org/ethical-ai-paper.schema.json",
  "paper_id": "06_ai_cybersecurity_review",
  "metadata": {
    "title": "A Comprehensive Review of AI\u2019s Current Impact and Future Prospects in Cybersecurity",
    "authors": "R. S. Alghamdi, M. I. Alzain, A. A. Alotaibi, et al.",
    "year": "2023",
    "venue": "Journal of Information Security and Applications",
    "link": ""
  },
  "summary": {
    "goal": "To review the applications, advantages, and ethical implications of AI in cybersecurity and outline future research directions.",
    "method": "Systematic literature review of AI-based cybersecurity systems across various subdomains including anomaly detection, threat prediction, and intrusion prevention.",
    "use_case_or_domain": "AI-driven cybersecurity and threat detection systems.",
    "deployment_context": "Applied; discusses deployment of AI systems in active security environments and governance mechanisms for trust and oversight."
  },
  "evidence": {
    "real_time_transparency": {
      "present": true,
      "quotes_or_pointers": [
        "AI-driven cybersecurity systems must provide real-time insights into decision processes to ensure trust and timely threat response."
      ],
      "assessor_notes": "Transparency framed as essential for operator confidence in real-time systems."
    },
    "explainability": {
      "present": true,
      "quotes_or_pointers": [
        "Explainable AI (XAI) techniques are increasingly used to interpret model predictions in malware and anomaly detection systems."
      ],
      "assessor_notes": "Explains practical adoption of XAI to interpret deep learning outputs in cyber defense."
    },
    "accountability": {
      "present": true,
      "quotes_or_pointers": [
        "Responsibility for AI-based decisions in security incidents should remain traceable to human operators."
      ],
      "assessor_notes": "Paper stresses traceability to ensure ethical accountability in security automation."
    },
    "human_oversight": {
      "present": true,
      "quotes_or_pointers": [
        "Human experts remain essential for validating AI predictions and mitigating false positives in automated cyber defense."
      ],
      "assessor_notes": "Hybrid decision models reinforce the importance of human oversight."
    },
    "privacy": {
      "present": true,
      "quotes_or_pointers": [
        "Privacy-preserving AI frameworks such as federated learning and differential privacy are proposed for secure data collaboration."
      ],
      "assessor_notes": "Privacy-by-design integrated into AI-enabled cyber defense frameworks."
    },
    "data_protection": {
      "present": true,
      "quotes_or_pointers": [
        "Secure model training and encrypted data exchange are necessary to prevent adversarial manipulation of AI models."
      ],
      "assessor_notes": "Data protection discussed in terms of adversarial robustness and encryption standards."
    },
    "continuous_ethics_monitoring": {
      "present": true,
      "quotes_or_pointers": [
        "Future research should include continuous ethical evaluation of AI-based defense systems to prevent misuse and bias."
      ],
      "assessor_notes": "Recognizes need for iterative governance frameworks for long-term ethical assurance."
    }
  },
  "scoring": {
    "score_override": {
      "real_time_transparency": null,
      "explainability": null,
      "accountability": null,
      "human_oversight": null,
      "privacy": null,
      "data_protection": null,
      "continuous_ethics_monitoring": null
    },
    "total_score_manual_override": null
  }
}