{
  "$schema": "https://example.org/ethical-ai-paper.schema.json",
  "paper_id": "24_practical_cybersecurity_ethics_cybok",
  "metadata": {
    "title": "Practical Cybersecurity Ethics: Mapping CyBOK to Ethical Concerns",
    "authors": "Ivan Flechais, George Chalhoub",
    "year": "2023",
    "venue": "New Security Paradigms Workshop (NSPW \u201923)",
    "doi": "10.1145/nnnnnnn.nnnnnnn",
    "institution": "University of Oxford; University College London"
  },
  "summary": {
    "goal": "To map ethical challenges and solutions in cybersecurity by linking CyBOK with principlist ethics frameworks.",
    "method": "Qualitative interviews (n=15) with cybersecurity professionals; thematic analysis guided by CyBOK and Formosa\u2019s principlist framework.",
    "use_case_or_domain": "Professional cybersecurity ethics, decision-making, and AI accountability.",
    "deployment_context": "Practical cybersecurity operations across sectors including ethical hacking, risk governance, and AI-integrated security."
  },
  "evidence": {
    "real_time_transparency": {
      "present": true,
      "quotes_or_pointers": [
        "Disclosing security risks without making users feel insecure\u2026 a transparent business practice that improves transparency and ensures users take informed decisions."
      ],
      "assessor_notes": "Transparency must balance public reassurance and openness."
    },
    "explainability": {
      "present": true,
      "quotes_or_pointers": [
        "Cybersecurity technologies should be used in ways that are intelligible, transparent, and comprehensible, and it should also be clear who is accountable and responsible."
      ],
      "assessor_notes": "Explicability central to principlist framework and AI security ethics."
    },
    "accountability": {
      "present": true,
      "quotes_or_pointers": [
        "Ensuring accountability and responsibility in AI\u2026 lack of transparency in how AI systems make decisions."
      ],
      "assessor_notes": "AI introduces risks of accountability diffusion in cybersecurity practice."
    },
    "human_oversight": {
      "present": true,
      "quotes_or_pointers": [
        "We avoid retaliating in DDoS defense\u2026 we go through legal means."
      ],
      "assessor_notes": "Ethical restraint through human oversight prevents escalation."
    },
    "privacy": {
      "present": true,
      "quotes_or_pointers": [
        "We drop malicious packets without inspecting user data to protect privacy."
      ],
      "assessor_notes": "Balances network defense with user privacy rights."
    },
    "data_protection": {
      "present": true,
      "quotes_or_pointers": [
        "Maintaining confidentiality is highly critical\u2026 deciding between maintaining or breaking it in case of harm or crime."
      ],
      "assessor_notes": "Highlights confidentiality as a foundational cybersecurity ethic."
    },
    "continuous_ethics_monitoring": {
      "present": true,
      "quotes_or_pointers": [
        "We urge the research community to continue exploring the ethics of cybersecurity AI\u2026 and integrate ethics into the cybersecurity curriculum."
      ],
      "assessor_notes": "Emphasizes the need for education and iterative ethical reflection."
    }
  },
  "scoring": {
    "score_override": {
      "real_time_transparency": null,
      "explainability": null,
      "accountability": null,
      "human_oversight": null,
      "privacy": null,
      "data_protection": null,
      "continuous_ethics_monitoring": null
    },
    "total_score_manual_override": null
  }
}