{
  "$schema": "https://example.org/ethical-ai-paper.schema.json",
  "paper_id": "25_ethical_ai_balancing_innovation_regulation",
  "metadata": {
    "title": "Ethical AI for Cybersecurity: A Framework for Balancing Innovation and Regulation",
    "authors": "Krishna Chaitanya Chaganti",
    "year": "2025",
    "venue": "TechRxiv preprint / IEEE Access (as referenced by author)",
    "link": "10.1109/ACCESS.2024.0429000"
  },
  "summary": {
    "goal": "To propose a practical framework that balances rapid innovation in AI-driven cybersecurity with regulatory compliance and ethical governance.",
    "method": "Conceptual and policy-driven framework integrating risk-based assessment, privacy-by-design, explainable AI, and continuous governance. Includes comparative analysis of global regulations (e.g., EU AI Act, NIST AI RMF) and application to cybersecurity use cases.",
    "use_case_or_domain": "AI-enabled cybersecurity (intrusion detection, automated response, SOC analytics) with governance, risk, and compliance alignment.",
    "deployment_context": "Operational cybersecurity environments requiring auditable AI systems that satisfy transparency, accountability, and privacy obligations while maintaining performance."
  },
  "evidence": {
    "real_time_transparency": {
      "present": true,
      "quotes_or_pointers": [
        "The framework requires operational transparency for AI-driven detections and responses, including real-time logging and stakeholder visibility."
      ],
      "assessor_notes": "Stresses transparent pipelines (alerts, logs, model rationale) to support trust and audits."
    },
    "explainability": {
      "present": true,
      "quotes_or_pointers": [
        "Explainable AI (XAI) is positioned as a core control\u2014decisions must be interpretable for analysts and auditors."
      ],
      "assessor_notes": "Mandates interpretable features/justifications for high-stakes cybersecurity decisions."
    },
    "accountability": {
      "present": true,
      "quotes_or_pointers": [
        "Clear lines of responsibility are defined across the AI lifecycle\u2014model owners, risk officers, and incident responders."
      ],
      "assessor_notes": "Maps roles to accountability outcomes (approvals, sign-offs, breach responsibility)."
    },
    "human_oversight": {
      "present": true,
      "quotes_or_pointers": [
        "Human-in-the-loop gates are required for actions that can affect users or systems materially; override and rollback are explicitly supported."
      ],
      "assessor_notes": "Maintains meaningful human control in automated detection/response loops."
    },
    "privacy": {
      "present": true,
      "quotes_or_pointers": [
        "Adopts privacy-by-design, data minimization, and purpose limitation for security telemetry and training data."
      ],
      "assessor_notes": "Aligns with GDPR-like principles while enabling threat analytics."
    },
    "data_protection": {
      "present": true,
      "quotes_or_pointers": [
        "Recommends encryption, access controls, secure MLOps, and model hardening to defend against data leakage and poisoning."
      ],
      "assessor_notes": "Technical safeguards integrated with compliance controls for end-to-end protection."
    },
    "continuous_ethics_monitoring": {
      "present": true,
      "quotes_or_pointers": [
        "Continuous governance: periodic audits, drift/bias monitoring, incident postmortems, and policy updates as threats evolve."
      ],
      "assessor_notes": "Lifecycle governance with metrics and triggers for re-validation of models and policies."
    }
  },
  "scoring": {
    "score_override": {
      "real_time_transparency": null,
      "explainability": null,
      "accountability": null,
      "human_oversight": null,
      "privacy": null,
      "data_protection": null,
      "continuous_ethics_monitoring": null
    },
    "total_score_manual_override": null
  }
}