{
  "$schema": "https://example.org/ethical-ai-paper.schema.json",
  "paper_id": "12_securing_digital_world_ai_cybersecurity",
  "metadata": {
    "title": "Securing the Digital World: Protecting Smart Infrastructures and Digital Industries with AI-enabled Malware and Intrusion Detection",
    "authors": "Marc Schmitt",
    "year": "2023",
    "venue": "Journal of Industrial Information Integration",
    "link": ""
  },
  "summary": {
    "goal": "To strengthen cybersecurity in digital infrastructures through AI-driven anomaly detection and ethical integration of machine learning models.",
    "method": "Mixed methods including experiments on network, mobile, and IoT datasets using ensemble ML models and Industrial Information Integration principles.",
    "use_case_or_domain": "Cybersecurity for smart infrastructures, IoT, and cyber-physical systems.",
    "deployment_context": "Applied; addresses integration challenges, performance tradeoffs, and ethical governance in AI-enabled intrusion detection systems."
  },
  "evidence": {
    "real_time_transparency": {
      "present": true,
      "quotes_or_pointers": [
        "ML pipelines enable real-time detection, traceable monitoring, and data quality assurance."
      ],
      "assessor_notes": "Pipeline transparency improves auditability and model trust."
    },
    "explainability": {
      "present": true,
      "quotes_or_pointers": [
        "Model interpretability is another crucial research aspect; there is a tradeoff between prediction accuracy and explainability."
      ],
      "assessor_notes": "Recognizes black-box limitations and supports XAI development."
    },
    "accountability": {
      "present": true,
      "quotes_or_pointers": [
        "Industrial Information Integration Engineering provides structural accountability for enterprise AI systems."
      ],
      "assessor_notes": "Framework ensures traceable and accountable AI operations."
    },
    "human_oversight": {
      "present": true,
      "quotes_or_pointers": [
        "Security experts must validate and supervise automated incident responses to ensure ethical compliance."
      ],
      "assessor_notes": "Integrates human review within automated AI pipelines."
    },
    "privacy": {
      "present": true,
      "quotes_or_pointers": [
        "Data used for training and validation must be carefully managed to ensure privacy and security."
      ],
      "assessor_notes": "Prioritizes privacy preservation in all ML processes."
    },
    "data_protection": {
      "present": true,
      "quotes_or_pointers": [
        "Data integrity and encryption are critical to preventing model poisoning and adversarial attacks."
      ],
      "assessor_notes": "Links cybersecurity integrity with ethical data protection."
    },
    "continuous_ethics_monitoring": {
      "present": true,
      "quotes_or_pointers": [
        "Ethical evaluation should continue throughout deployment as technologies evolve."
      ],
      "assessor_notes": "Encourages lifecycle ethical monitoring of deployed systems."
    }
  },
  "scoring": {
    "score_override": {
      "real_time_transparency": null,
      "explainability": null,
      "accountability": null,
      "human_oversight": null,
      "privacy": null,
      "data_protection": null,
      "continuous_ethics_monitoring": null
    },
    "total_score_manual_override": null
  }
}