{
  "$schema": "https://example.org/ethical-ai-paper.schema.json",
  "paper_id": "17_ai_cybersecurity_ethical_dilemma",
  "metadata": {
    "title": "Artificial Intelligence, Cybersecurity, and a Growing Ethical Dilemma",
    "authors": "Steven Arvin, Nigel Hendricks, Mohammed Ketel",
    "year": "2025",
    "venue": "Transactions on Engineering and Computing Sciences, Vol. 13(2), pp. 19\u201328",
    "link": "https://doi.org/10.14738/tmlai.1302.18411"
  },
  "summary": {
    "goal": "To analyze how artificial intelligence improves cybersecurity capabilities while addressing the growing ethical challenges in privacy, accountability, and governance.",
    "method": "Conceptual and comparative analysis combining AI technical mechanisms (ML, DL, IoT) with legal and ethical frameworks (EU AI Ethics Guidelines and U.S. Executive Order).",
    "use_case_or_domain": "AI applications in cybersecurity, privacy-preserving mechanisms, ethical governance of IoT and ML systems.",
    "deployment_context": "Applied-policy context integrating technical cybersecurity practices with ethical frameworks to ensure responsible AI deployment."
  },
  "evidence": {
    "real_time_transparency": {
      "present": true,
      "quotes_or_pointers": [
        "Transparency confidence-building measures include information exchange on cyber threats and joint exercises."
      ],
      "assessor_notes": "Reinforces transparency as a trust-building mechanism between AI entities and institutions."
    },
    "explainability": {
      "present": true,
      "quotes_or_pointers": [
        "Interpretability and transparency of AI algorithms are crucial for trust and safety in cybersecurity."
      ],
      "assessor_notes": "Promotes explainable AI for traceable and auditable decision-making."
    },
    "accountability": {
      "present": true,
      "quotes_or_pointers": [
        "A clear responsible party should be known for any and all decision-making by an AI system."
      ],
      "assessor_notes": "Explicit accountability ensures ethical traceability in AI system actions."
    },
    "human_oversight": {
      "present": true,
      "quotes_or_pointers": [
        "AI-integrated systems should aid human development and incorporate human-in-the-loop mechanisms."
      ],
      "assessor_notes": "Encourages meaningful human control in AI-based cybersecurity."
    },
    "privacy": {
      "present": true,
      "quotes_or_pointers": [
        "Privacy by Design supports the development of IoT devices with privacy at the forefront of engineering."
      ],
      "assessor_notes": "Advocates preemptive privacy protection rather than reactive policies."
    },
    "data_protection": {
      "present": true,
      "quotes_or_pointers": [
        "AI systems must be secure, accurate, and reliable, ensuring user data protection and integrity."
      ],
      "assessor_notes": "Treats data integrity as a primary ethical duty."
    },
    "continuous_ethics_monitoring": {
      "present": true,
      "quotes_or_pointers": [
        "Ethical companies and government regulation will be essential to technological evolution."
      ],
      "assessor_notes": "Supports ongoing monitoring of ethical AI use to prevent harm."
    }
  },
  "scoring": {
    "score_override": {
      "real_time_transparency": null,
      "explainability": null,
      "accountability": null,
      "human_oversight": null,
      "privacy": null,
      "data_protection": null,
      "continuous_ethics_monitoring": null
    },
    "total_score_manual_override": null
  }
}