{
  "$schema": "https://example.org/ethical-ai-paper.schema.json",
  "paper_id": "04_ethics_of_algorithms_mapping",
  "metadata": {
    "title": "The Ethics of Algorithms: Mapping the Debate",
    "authors": "Brent Daniel Mittelstadt, Patrick Allo, Mariarosaria Taddeo, Sandra Wachter, Luciano Floridi",
    "year": "2016",
    "venue": "Big Data & Society (SAGE Publications)",
    "link": "https://doi.org/10.1177/2053951716679679"
  },
  "summary": {
    "goal": "To categorize and analyze ethical issues in algorithmic decision-making, emphasizing transparency, accountability, and moral responsibility.",
    "method": "Conceptual literature review and analytical framework integrating insights from computer science and philosophy.",
    "use_case_or_domain": "Algorithmic governance, data analytics, and automated decision systems.",
    "deployment_context": "Theoretical and policy-oriented work guiding the ethical design and regulation of AI algorithms."
  },
  "evidence": {
    "real_time_transparency": {
      "present": true,
      "quotes_or_pointers": [
        "Algorithms have an epistemic opacity\u2026 this opacity creates barriers to accountability and governance."
      ],
      "assessor_notes": "Transparency is treated as a prerequisite for moral and regulatory governance of AI systems."
    },
    "explainability": {
      "present": true,
      "quotes_or_pointers": [
        "Explainability is central to moral accountability and the ability to challenge algorithmic outcomes."
      ],
      "assessor_notes": "Explainability is directly tied to fairness and justification of automated decisions."
    },
    "accountability": {
      "present": true,
      "quotes_or_pointers": [
        "The allocation of responsibility in complex algorithmic systems requires clarity on who is morally and legally accountable."
      ],
      "assessor_notes": "Highlights distributed responsibility as a key ethical challenge."
    },
    "human_oversight": {
      "present": true,
      "quotes_or_pointers": [
        "Human decision-makers must remain involved to ensure that algorithmic outputs are contextualized and ethically defensible."
      ],
      "assessor_notes": "Emphasizes human-in-the-loop systems for ethical governance."
    },
    "privacy": {
      "present": true,
      "quotes_or_pointers": [
        "Algorithms may process data in ways that are opaque to individuals, raising privacy and autonomy concerns."
      ],
      "assessor_notes": "Discusses data misuse, profiling, and surveillance risks."
    },
    "data_protection": {
      "present": true,
      "quotes_or_pointers": [
        "Algorithmic design must integrate data protection principles, particularly proportionality and minimization."
      ],
      "assessor_notes": "Advocates privacy-by-design and responsible data architecture."
    },
    "continuous_ethics_monitoring": {
      "present": true,
      "quotes_or_pointers": [
        "Algorithmic ethics cannot be static\u2026 continuous evaluation and governance are necessary as systems evolve."
      ],
      "assessor_notes": "Calls for adaptive ethics and long-term monitoring mechanisms."
    }
  },
  "scoring": {
    "score_override": {
      "real_time_transparency": null,
      "explainability": null,
      "accountability": null,
      "human_oversight": null,
      "privacy": null,
      "data_protection": null,
      "continuous_ethics_monitoring": null
    },
    "total_score_manual_override": null
  }
}