{
  "$schema": "https://example.org/ethical-ai-paper.schema.json",
  "paper_id": "26_ethical_challenges_ai_cybersecurity",
  "metadata": {
    "title": "Ethical Challenges of AI in Cybersecurity: Bias, Privacy, and Autonomous Decision-Making",
    "authors": "Satish Chitimoju",
    "year": "2024",
    "venue": "Tech AI Research Paper Series",
    "institution": "Tech AI, Houston, Texas, United States"
  },
  "summary": {
    "goal": "To analyze and mitigate ethical risks in AI-driven cybersecurity, focusing on bias, privacy, and autonomous decision-making.",
    "method": "Mixed-method study combining theoretical analysis and experimental validation using biased datasets, privacy audits, and simulated AI actions.",
    "use_case_or_domain": "AI-driven cybersecurity systems (threat detection, privacy management, autonomous decision engines).",
    "deployment_context": "Organizational AI deployment under ethical and regulatory governance frameworks ensuring transparency, fairness, and human oversight."
  },
  "evidence": {
    "real_time_transparency": {
      "present": true,
      "quotes_or_pointers": [
        "Transparency in AI model training and continuous auditing of AI decisions are necessary to mitigate bias and maintain ethical cybersecurity practices."
      ],
      "assessor_notes": "Transparency advocated for trust, fairness, and accountability."
    },
    "explainability": {
      "present": true,
      "quotes_or_pointers": [
        "Bias in AI systems is a critical ethical concern\u2026 transparency and fairness are essential to ensure legitimate security decisions."
      ],
      "assessor_notes": "Highlights the importance of explainable threat detection and reasoning."
    },
    "accountability": {
      "present": true,
      "quotes_or_pointers": [
        "Organizations must implement human-in-the-loop mechanisms, continuous monitoring, and ethical guidelines governing autonomous decisions."
      ],
      "assessor_notes": "Accountability tied to oversight, ethical frameworks, and governance policies."
    },
    "human_oversight": {
      "present": true,
      "quotes_or_pointers": [
        "Balancing AI efficiency with human judgment is essential to prevent unintended harm."
      ],
      "assessor_notes": "Emphasizes necessity of human intervention and contextual judgment."
    },
    "privacy": {
      "present": true,
      "quotes_or_pointers": [
        "AI-based cybersecurity solutions require extensive data collection\u2026 creating a comprehensive digital footprint of users."
      ],
      "assessor_notes": "Highlights ethical tensions between security surveillance and privacy rights."
    },
    "data_protection": {
      "present": true,
      "quotes_or_pointers": [
        "Implementing strong encryption protocols, limiting data retention, and ensuring transparent data practices are necessary."
      ],
      "assessor_notes": "Endorses encryption, retention limits, and consent-based processing."
    },
    "continuous_ethics_monitoring": {
      "present": true,
      "quotes_or_pointers": [
        "Continuous governance\u2026 periodic audits, drift monitoring, and postmortems ensure responsible AI evolution."
      ],
      "assessor_notes": "Encourages continual evaluation and adaptive ethical frameworks."
    }
  },
  "scoring": {
    "score_override": {
      "real_time_transparency": null,
      "explainability": null,
      "accountability": null,
      "human_oversight": null,
      "privacy": null,
      "data_protection": null,
      "continuous_ethics_monitoring": null
    },
    "total_score_manual_override": null
  }
}