{
  "$schema": "https://example.org/ethical-ai-paper.schema.json",
  "paper_id": "03_explainable_ai_glass_box",
  "metadata": {
    "title": "Explainable AI: From Black Box to Glass Box",
    "authors": "Arun Rai",
    "year": "2019",
    "venue": "Journal of the Academy of Marketing Science, Vol. 48",
    "link": "https://doi.org/10.1007/s11747-019-00710-5"
  },
  "summary": {
    "goal": "To conceptualize Explainable AI (XAI) as a method to achieve transparency, fairness, and accountability in machine learning systems while maintaining predictive accuracy.",
    "method": "Theoretical and literature-based classification of XAI methods, distinguishing between model-specific and model-agnostic, global and local explanations.",
    "use_case_or_domain": "Marketing AI applications such as recommendation systems, ad targeting, and conversational agents.",
    "deployment_context": "Applied and conceptual; promotes interpretable and trustworthy AI in business practice."
  },
  "evidence": {
    "real_time_transparency": {
      "present": true,
      "quotes_or_pointers": [
        "Explainable AI (XAI) is the class of systems that provide visibility into how an AI system makes decisions and predictions."
      ],
      "assessor_notes": "XAI directly promotes transparency by exposing the reasoning process of AI systems."
    },
    "explainability": {
      "present": true,
      "quotes_or_pointers": [
        "XAI explains the rationale for the decision-making process, surfaces the strengths and weaknesses of the process, and provides a sense of how the system will behave in the future."
      ],
      "assessor_notes": "Central focus of the paper; distinguishes XAI as both a research goal and a design principle."
    },
    "accountability": {
      "present": true,
      "quotes_or_pointers": [
        "Providing users with an effective explanation for the AI system\u2019s behavior can enhance their trust in the system."
      ],
      "assessor_notes": "Positions explainability as a foundation for accountability and user trust."
    },
    "human_oversight": {
      "present": true,
      "quotes_or_pointers": [
        "Users and developers can inspect explanations to understand why specific actions or recommendations are made, allowing confidence in deploying models."
      ],
      "assessor_notes": "Human involvement emphasized through interpretability review and inspection."
    },
    "privacy": {
      "present": true,
      "quotes_or_pointers": [
        "XAI can redefine the privacy calculus of consumers, changing willingness to share personal information when explanations are provided."
      ],
      "assessor_notes": "Direct link between explainability and informed consent in data privacy."
    },
    "data_protection": {
      "present": true,
      "quotes_or_pointers": [
        "XAI techniques can reveal whether attributes such as race or gender, or socio-economic variables are directly or indirectly used in black-box models."
      ],
      "assessor_notes": "XAI promotes fairness and safeguards data integrity through model transparency."
    },
    "continuous_ethics_monitoring": {
      "present": true,
      "quotes_or_pointers": [
        "Ongoing explanation mechanisms can enhance fairness and trust, redefining the prediction-accuracy and explainability tradeoff."
      ],
      "assessor_notes": "Encourages continuous oversight and adaptation of ethical AI systems."
    }
  },
  "scoring": {
    "score_override": {
      "real_time_transparency": null,
      "explainability": null,
      "accountability": null,
      "human_oversight": null,
      "privacy": null,
      "data_protection": null,
      "continuous_ethics_monitoring": null
    },
    "total_score_manual_override": null
  }
}