{
  "$schema": "https://example.org/ethical-ai-paper.schema.json",
  "paper_id": "19_ai_ethics_education_cybersecurity",
  "metadata": {
    "title": "Artificial Intelligence Ethics Education in Cybersecurity: Challenges and Opportunities",
    "authors": "Diane Jackson, Sorin Adam Matei, Elisa Bertino",
    "year": "2024",
    "venue": "NSF EAGER Project Report \u2013 Purdue University",
    "link": "https://nsf.gov/awardsearch/showAward?AWD_ID=2114680"
  },
  "summary": {
    "goal": "To identify the educational, technical, and ethical challenges involved in integrating AI ethics principles into cybersecurity curricula.",
    "method": "Focus group with advanced cybersecurity Ph.D. students examining ethics, transparency, systems thinking, and communication challenges in AI-integrated education.",
    "use_case_or_domain": "AI ethics education, cybersecurity pedagogy, systems thinking, and professional ethics.",
    "deployment_context": "Academic and professional education focused on building ethical AI literacy within cybersecurity training."
  },
  "evidence": {
    "real_time_transparency": {
      "present": true,
      "quotes_or_pointers": [
        "Systems are black boxes, it\u2019s really hard to understand how we can have access to these systems."
      ],
      "assessor_notes": "Transparency is critical in developing trust and learning interpretability."
    },
    "explainability": {
      "present": true,
      "quotes_or_pointers": [
        "AI ethics would be explainability. What the AI thinks should be somehow explained in some way other than what the black box shows."
      ],
      "assessor_notes": "Explainability positioned as a key competency for AI ethics literacy."
    },
    "accountability": {
      "present": true,
      "quotes_or_pointers": [
        "Developers and managers must take responsibility for ensuring AI acts according to established ethical principles."
      ],
      "assessor_notes": "Promotes accountability-driven pedagogy for ethical decision-making."
    },
    "human_oversight": {
      "present": true,
      "quotes_or_pointers": [
        "AI should not completely replace human supervision; instead, it should enhance human decision-making."
      ],
      "assessor_notes": "Encourages human-in-the-loop principles in AI systems and training."
    },
    "privacy": {
      "present": true,
      "quotes_or_pointers": [
        "Data has to be taken with permission."
      ],
      "assessor_notes": "Privacy education viewed as the ethical foundation of AI cybersecurity."
    },
    "data_protection": {
      "present": true,
      "quotes_or_pointers": [
        "Participants emphasised confidentiality and responsible data handling."
      ],
      "assessor_notes": "Reinforces data security as an ethical and educational imperative."
    },
    "continuous_ethics_monitoring": {
      "present": true,
      "quotes_or_pointers": [
        "AI behavior must be monitored and audited in real time to ensure compliance with ethical principles."
      ],
      "assessor_notes": "Continuous monitoring integrated as a recurring educational goal."
    }
  },
  "scoring": {
    "score_override": {
      "real_time_transparency": null,
      "explainability": null,
      "accountability": null,
      "human_oversight": null,
      "privacy": null,
      "data_protection": null,
      "continuous_ethics_monitoring": null
    },
    "total_score_manual_override": null
  }
}