{
  "$schema": "https://example.org/ethical-ai-paper.schema.json",
  "paper_id": "20_ethical_adversarial_attacks_ai_crime",
  "metadata": {
    "title": "The Double-Edged Sword of AI: Ethical Adversarial Attacks to Counter Artificial Intelligence for Crime",
    "authors": "Micha\u0142 Chora\u015b, Micha\u0142 Wo\u017aniak",
    "year": "2022",
    "venue": "AI and Ethics, Vol. 2, pp. 631\u2013634",
    "link": "https://doi.org/10.1007/s43681-021-00113-9"
  },
  "summary": {
    "goal": "To introduce and justify the Ethical Adversarial Attacks (EAA) concept as a countermeasure against AI for Crime (AIC) through ethically regulated adversarial machine learning.",
    "method": "Conceptual and ethical analysis proposing legal and moral frameworks for using adversarial ML defensively in cybersecurity.",
    "use_case_or_domain": "AI ethics, cybersecurity defense, ethical hacking, and adversarial ML applications.",
    "deployment_context": "Policy and research-driven proposal for integrating ethical adversarial AI techniques within legal and societal frameworks."
  },
  "evidence": {
    "real_time_transparency": {
      "present": true,
      "quotes_or_pointers": [
        "Such tools and techniques should be created along with relevant legal and ethical frameworks so all users and societies understand how and why EAA are applied."
      ],
      "assessor_notes": "Transparency supports accountability and trust in EAA."
    },
    "explainability": {
      "present": true,
      "quotes_or_pointers": [
        "It is crucial for such AI solutions to be explainable and fair, following the xAI (explainable AI) paradigm."
      ],
      "assessor_notes": "Explicitly ties to xAI for ensuring fairness and understanding."
    },
    "accountability": {
      "present": true,
      "quotes_or_pointers": [
        "Ethical questions of EAAs must be properly addressed to build trust among citizens, businesses, and policymakers."
      ],
      "assessor_notes": "Accountability positioned as foundation for legitimacy of ethical AI countermeasures."
    },
    "human_oversight": {
      "present": true,
      "quotes_or_pointers": [
        "Cybersecurity experts should start resorting to an ethical method modelled on Adversarial Attacks to counteract the activity of criminals."
      ],
      "assessor_notes": "Human supervision ensures ethical use of EAA technologies."
    },
    "privacy": {
      "present": true,
      "quotes_or_pointers": [
        "Cybersecurity must be concerned with ethical behaviour as a way of guaranteeing the protection of people\u2019s freedom and privacy."
      ],
      "assessor_notes": "Privacy highlighted as a moral imperative of cybersecurity ethics."
    },
    "data_protection": {
      "present": true,
      "quotes_or_pointers": [
        "Cybersecurity protects people's assets, removes vulnerabilities, and safeguards systems."
      ],
      "assessor_notes": "Emphasizes integrity and confidentiality in cyber defense ethics."
    },
    "continuous_ethics_monitoring": {
      "present": true,
      "quotes_or_pointers": [
        "Methods of this kind should be included in national and international research strategies and roadmaps to ensure ethical issues are continuously addressed."
      ],
      "assessor_notes": "Promotes ongoing ethical oversight and governance frameworks."
    }
  },
  "scoring": {
    "score_override": {
      "real_time_transparency": null,
      "explainability": null,
      "accountability": null,
      "human_oversight": null,
      "privacy": null,
      "data_protection": null,
      "continuous_ethics_monitoring": null
    },
    "total_score_manual_override": null
  }
}