{
  "$schema": "https://example.org/ethical-ai-paper.schema.json",
  "paper_id": "22_ai_ethics_cybersecurity_overview_prospects",
  "metadata": {
    "title": "Artificial Intelligence Ethics and Cybersecurity: Overview and Prospects",
    "authors": "Dengxu Li",
    "year": "2025",
    "venue": "Proceedings of the 1st International Conference on E-commerce and Artificial Intelligence (ECAI 2024)",
    "pages": "13-18",
    "institution": "Quanzhou University of Information Engineering, Fujian, China",
    "link": "https://doi.org/10.5220/0013205200004568"
  },
  "summary": {
    "goal": "To examine the intersection of AI ethics and cybersecurity, identifying ethical risks and proposing integrated governance and technological solutions.",
    "method": "Conceptual literature synthesis reviewing international research on AI ethics and cybersecurity, supported by case studies and cross-domain policy frameworks.",
    "use_case_or_domain": "AI governance, algorithmic fairness, ethical data management, cybersecurity policy.",
    "deployment_context": "Academic and policy-oriented exploration combining technical ethics, legal frameworks, and global cooperation for responsible AI."
  },
  "evidence": {
    "real_time_transparency": {
      "present": true,
      "quotes_or_pointers": [
        "Users and society need to understand how algorithms make decisions to ensure their fairness and reasonableness."
      ],
      "assessor_notes": "Transparency emphasized as key for trust and fairness in cybersecurity AI."
    },
    "explainability": {
      "present": true,
      "quotes_or_pointers": [
        "Lack of transparency may lead to public distrust of the technology and even ethical controversies."
      ],
      "assessor_notes": "Explainability positioned as fundamental to ethical legitimacy."
    },
    "accountability": {
      "present": true,
      "quotes_or_pointers": [
        "Clear accountability mechanisms need to be established to ensure that those responsible can be held accountable when problems arise."
      ],
      "assessor_notes": "Institutional accountability mechanisms explicitly proposed."
    },
    "human_oversight": {
      "present": true,
      "quotes_or_pointers": [
        "Human oversight in AI-driven cybersecurity systems is critical to ensure ethical compliance."
      ],
      "assessor_notes": "Advocates human control in AI system deployment and monitoring."
    },
    "privacy": {
      "present": true,
      "quotes_or_pointers": [
        "How to protect personal privacy and data security has become an important ethical issue."
      ],
      "assessor_notes": "Privacy treated as a central ethical and operational safeguard."
    },
    "data_protection": {
      "present": true,
      "quotes_or_pointers": [
        "Strict data protection mechanisms need to be established to ensure the security and privacy of data during collection, storage, transmission and use."
      ],
      "assessor_notes": "Promotes encryption, anonymization, and compliance-based data protection."
    },
    "continuous_ethics_monitoring": {
      "present": true,
      "quotes_or_pointers": [
        "Future cybersecurity systems will continuously learn and evolve, but this process may also bring new ethical challenges."
      ],
      "assessor_notes": "Encourages adaptive ethical frameworks that evolve alongside AI capabilities."
    }
  },
  "scoring": {
    "score_override": {
      "real_time_transparency": null,
      "explainability": null,
      "accountability": null,
      "human_oversight": null,
      "privacy": null,
      "data_protection": null,
      "continuous_ethics_monitoring": null
    },
    "total_score_manual_override": null
  }
}