{
  "$schema": "https://example.org/ethical-ai-paper.schema.json",
  "paper_id": "11_ai_driven_cybersecurity_resilience",
  "metadata": {
    "title": "AI-Driven Cybersecurity Threat Detection: Building Resilient Digital Defense Systems",
    "authors": "John M. Carney, Priya Sharma",
    "year": "2023",
    "venue": "International Journal of Cybersecurity Intelligence and Cybercrime",
    "link": ""
  },
  "summary": {
    "goal": "To analyze how AI-driven systems enhance cybersecurity threat detection while maintaining ethical, explainable, and accountable decision-making.",
    "method": "Analytical literature review with case-based examples of AI-powered threat detection and response systems.",
    "use_case_or_domain": "AI-based intrusion detection, anomaly detection, and autonomous cyber defense systems.",
    "deployment_context": "Applied; focuses on balancing performance, transparency, and ethical oversight in operational cybersecurity environments."
  },
  "evidence": {
    "real_time_transparency": {
      "present": true,
      "quotes_or_pointers": [
        "AI models should provide real-time alerts with transparent reasoning to prevent overreliance on black-box detection."
      ],
      "assessor_notes": "Encourages real-time explainability to strengthen analyst trust."
    },
    "explainability": {
      "present": true,
      "quotes_or_pointers": [
        "Explainable AI (XAI) mechanisms ensure that threat predictions can be interpreted and validated by security analysts."
      ],
      "assessor_notes": "Highlights interpretable models as key for responsible defense systems."
    },
    "accountability": {
      "present": true,
      "quotes_or_pointers": [
        "Accountability in AI-based defense lies in maintaining human responsibility for decision outcomes."
      ],
      "assessor_notes": "Human operators remain ethically accountable for AI-supported actions."
    },
    "human_oversight": {
      "present": true,
      "quotes_or_pointers": [
        "Security experts must validate and supervise automated incident responses to ensure ethical compliance."
      ],
      "assessor_notes": "Human oversight integrated throughout automated decision loops."
    },
    "privacy": {
      "present": true,
      "quotes_or_pointers": [
        "Privacy-preserving learning methods such as federated learning and anonymization protect user data during cross-institutional training."
      ],
      "assessor_notes": "Advocates privacy-centric AI deployment through federated architectures."
    },
    "data_protection": {
      "present": true,
      "quotes_or_pointers": [
        "Data integrity and encryption are critical to preventing model poisoning and adversarial attacks."
      ],
      "assessor_notes": "Data protection linked to security architecture resilience."
    },
    "continuous_ethics_monitoring": {
      "present": true,
      "quotes_or_pointers": [
        "Ethical evaluation should continue throughout deployment as threat landscapes and AI capabilities evolve."
      ],
      "assessor_notes": "Recommends continuous ethical auditing during AI system lifecycle."
    }
  },
  "scoring": {
    "score_override": {
      "real_time_transparency": null,
      "explainability": null,
      "accountability": null,
      "human_oversight": null,
      "privacy": null,
      "data_protection": null,
      "continuous_ethics_monitoring": null
    },
    "total_score_manual_override": null
  }
}