{
  "$schema": "https://example.org/ethical-ai-paper.schema.json",
  "paper_id": "28_ethical_considerations_ai_driven_cybersecurity",
  "metadata": {
    "title": "Ethical Considerations in AI-Driven Cybersecurity: Balancing Automation and Human Oversight",
    "authors": "Jason Ricol",
    "year": "2022",
    "venue": "IEEE (University of California, Irvine)"
  },
  "summary": {
    "goal": "To analyze the ethical implications of automating cybersecurity with AI and propose a balance between autonomous response and human oversight.",
    "method": "Conceptual and applied analysis mapping AI governance principles to cybersecurity operations (detection, triage, automated response), with design guidelines for oversight and accountability.",
    "use_case_or_domain": "AI-enabled cybersecurity operations, SOC automation, autonomous response systems.",
    "deployment_context": "Operational security environments where AI augments or automates detection and response while complying with ethical and regulatory requirements."
  },
  "evidence": {
    "real_time_transparency": {
      "present": true,
      "quotes_or_pointers": [
        "Recommends audit logs and operator-visible rationales for AI-driven actions to retain stakeholder visibility during incidents."
      ],
      "assessor_notes": "Transparency via real-time logging and rationale display to enable trust and review."
    },
    "explainability": {
      "present": true,
      "quotes_or_pointers": [
        "Positions explainable AI as necessary so analysts can understand why a host or user was flagged before approving remediation."
      ],
      "assessor_notes": "Supports interpretable models/feature attributions for high-stakes actions."
    },
    "accountability": {
      "present": true,
      "quotes_or_pointers": [
        "Defines clear responsibility across roles\u2014model owners sign off deployments; incident leads approve escalations; governance reviews failures."
      ],
      "assessor_notes": "Accountability tied to RACI-style role mapping across the AI lifecycle."
    },
    "human_oversight": {
      "present": true,
      "quotes_or_pointers": [
        "Advocates human-in-the-loop or human-on-the-loop gates for actions with material impact, with explicit override and rollback paths."
      ],
      "assessor_notes": "Centers meaningful human control to mitigate automation bias/overreach."
    },
    "privacy": {
      "present": true,
      "quotes_or_pointers": [
        "Adopts data minimization and purpose limitation for telemetry, especially user behavior analytics and endpoint monitoring."
      ],
      "assessor_notes": "Balances detection needs with privacy rights and consent expectations."
    },
    "data_protection": {
      "present": true,
      "quotes_or_pointers": [
        "Recommends encryption-at-rest/in-transit, strong access controls, and secure MLOps to prevent model/data leakage and poisoning."
      ],
      "assessor_notes": "Security-by-design safeguards for datasets, features, and models."
    },
    "continuous_ethics_monitoring": {
      "present": true,
      "quotes_or_pointers": [
        "Calls for continuous governance\u2014bias/drift monitoring, red-team testing of models, and periodic ethical audits post-incident."
      ],
      "assessor_notes": "Lifecycle monitoring aligns with adaptive threats and evolving policies."
    }
  },
  "scoring": {
    "score_override": {
      "real_time_transparency": null,
      "explainability": null,
      "accountability": null,
      "human_oversight": null,
      "privacy": null,
      "data_protection": null,
      "continuous_ethics_monitoring": null
    },
    "total_score_manual_override": null
  }
}