{
  "$schema": "https://example.org/ethical-ai-paper.schema.json",
  "paper_id": "02_ethics_in_ai_special_issue",
  "metadata": {
    "title": "Ethics in Artificial Intelligence: Introduction to the Special Issue",
    "authors": "Virginia Dignum",
    "year": "2018",
    "venue": "Ethics and Information Technology, Volume 20",
    "link": "https://doi.org/10.1007/s10676-018-9450-z"
  },
  "summary": {
    "goal": "To introduce and contextualize the field of Responsible AI, outlining frameworks that integrate ethical reasoning, accountability, and oversight in AI systems.",
    "method": "Editorial synthesis of five papers exploring technical and regulatory perspectives on AI ethics, emphasizing Ethics by Design, in Design, and for Design.",
    "use_case_or_domain": "AI governance, robotics, and human-machine decision systems.",
    "deployment_context": "Conceptual editorial framing emerging Responsible AI practices; influences technical and policy design approaches."
  },
  "evidence": {
    "real_time_transparency": {
      "present": true,
      "quotes_or_pointers": [
        "Algorithms governing our lives must be provably transparent, fair, and accountable along the values shared by stakeholders."
      ],
      "assessor_notes": "Transparency and fairness emphasized as essential to trustworthy algorithmic governance."
    },
    "explainability": {
      "present": true,
      "quotes_or_pointers": [
        "Formal tools to describe a situation and models of ethical principles designed to automatically compute a judgment, and to explain why a given decision is ethically acceptable."
      ],
      "assessor_notes": "Embedded ethics approach explicitly integrates explainability into AI decision reasoning."
    },
    "accountability": {
      "present": true,
      "quotes_or_pointers": [
        "Can an AI system be held accountable for its actions? ... Responsibility is fundamental to autonomy."
      ],
      "assessor_notes": "Accountability is positioned as a core philosophical and practical issue in AI ethics."
    },
    "human_oversight": {
      "present": true,
      "quotes_or_pointers": [
        "Emergency stop mechanisms that enable human operators to interrupt or divert a system while preventing it from learning that intervention is a threat."
      ],
      "assessor_notes": "Strong emphasis on human control and override systems for AI safety."
    },
    "privacy": {
      "present": true,
      "quotes_or_pointers": [
        "Regulate the reaches of AI systems to ensure proper data stewardship and to help individuals determine their own involvement."
      ],
      "assessor_notes": "Privacy and user agency form key aspects of responsible design."
    },
    "data_protection": {
      "present": true,
      "quotes_or_pointers": [
        "Ensure proper data stewardship as part of regulation and control frameworks."
      ],
      "assessor_notes": "Data protection integrated as a component of ethical governance."
    },
    "continuous_ethics_monitoring": {
      "present": true,
      "quotes_or_pointers": [
        "An ongoing self-evaluation and testing integral to a system\u2019s operation to prevent chaos and risk before they start."
      ],
      "assessor_notes": "Advocates continuous ethical assessment instead of reactive mechanisms like \u2018Big Red Button.\u2019"
    }
  },
  "scoring": {
    "score_override": {
      "real_time_transparency": null,
      "explainability": null,
      "accountability": null,
      "human_oversight": null,
      "privacy": null,
      "data_protection": null,
      "continuous_ethics_monitoring": null
    },
    "total_score_manual_override": null
  }
}