{
  "$schema": "https://example.org/ethical-ai-paper.schema.json",
  "paper_id": "framework_assessing_ai_ethics_cybersecurity",
  "metadata": {
    "title": "A Framework for Assessing AI Ethics with Applications to Cybersecurity",
    "authors": "Author W, Author X",
    "year": "2025",
    "venue": "Cybersecurity and AI Ethics Conference",
    "link": ""
  },
  "summary": {
    "goal": "Develop a framework to evaluate AI ethics specifically in cybersecurity applications",
    "method": "Framework design and case study application",
    "use_case_or_domain": "Ethical assessment of AI in cybersecurity",
    "deployment_context": ""
  },
  "evidence": {
    "real_time_transparency": {
      "present": true,
      "present_confidence": 0.9,
      "quotes_or_pointers": ["Section 3 introduces transparency metrics."],
      "quote_quality": [4],
      "assessor_notes": "Proposes quantitative measures for real-time transparency.",
      "notes_quality": 4,
      "evidence_type": ["Normative Claim"]
    },
    "explainability": {
      "present": true,
      "present_confidence": 0.85,
      "quotes_or_pointers": ["Section 4 details explainability evaluation methods."],
      "quote_quality": [4],
      "assessor_notes": "Designs explainability criteria for cybersecurity AI.",
      "notes_quality": 4,
      "evidence_type": ["Empirical Data"]
    },
    "accountability": {
      "present": true,
      "present_confidence": 0.88,
      "quotes_or_pointers": ["Section 5 discusses accountability mechanisms."],
      "quote_quality": [4],
      "assessor_notes": "Framework includes governance and responsibility tracking.",
      "notes_quality": 4,
      "evidence_type": ["Normative Claim"]
    },
    "human_oversight": {
      "present": true,
      "present_confidence": 0.8,
      "quotes_or_pointers": ["Section 6 highlights human-in-the-loop considerations."],
      "quote_quality": [3],
      "assessor_notes": "Addresses human oversight in cybersecurity AI decision-making.",
      "notes_quality": 3,
      "evidence_type": ["Normative Claim"]
    },
    "privacy": {
      "present": true,
      "present_confidence": 0.85,
      "quotes_or_pointers": ["Section 7 covers privacy-preserving techniques."],
      "quote_quality": [4],
      "assessor_notes": "Ensures data privacy within AI ethics framework.",
      "notes_quality": 4,
      "evidence_type": ["Normative Claim"]
    },
    "data_protection": {
      "present": true,
      "present_confidence": 0.8,
      "quotes_or_pointers": ["Section 8 discusses data protection policies."],
      "quote_quality": [3],
      "assessor_notes": "Details secure data handling principles.",
      "notes_quality": 3,
      "evidence_type": ["Normative Claim"]
    },
    "continuous_ethics_monitoring": {
      "present": true,
      "present_confidence": 0.75,
      "quotes_or_pointers": ["Section 9 proposes ongoing ethics monitoring."],
      "quote_quality": [3],
      "assessor_notes": "Suggests lifecycle ethical assessment and feedback.",
      "notes_quality": 3,
      "evidence_type": ["Normative Claim"]
    }
  },
  "scoring": {
    "score_override": {
      "real_time_transparency": null,
      "explainability": null,
      "accountability": null,
      "human_oversight": null,
      "privacy": null,
      "data_protection": null,
      "continuous_ethics_monitoring": null
    },
    "total_score_manual_override": null
  }
}
