{
  "$schema": "https://example.org/ethical-ai-paper.schema.json",
  "paper_id": "comprehensive_review_ai_cybersecurity",
  "metadata": {
    "title": "A Comprehensive Review of AI's Current Impact and Future Prospects in Cybersecurity",
    "authors": "Author M, Author N",
    "year": "2025",
    "venue": "Cybersecurity AI Review Journal",
    "link": ""
  },
  "summary": {
    "goal": "Review AI advances impacting cybersecurity and discuss future directions",
    "method": "Literature review and expert synthesis",
    "use_case_or_domain": "Cybersecurity with AI techniques",
    "deployment_context": ""
  },
  "evidence": {
    "real_time_transparency": {
      "present": true,
      "present_confidence": 0.9,
      "quotes_or_pointers": ["Section 2 discusses transparency in AI-based security systems."],
      "quote_quality": [4],
      "assessor_notes": "Highlights transparency methods during real-time threat detection.",
      "notes_quality": 4,
      "evidence_type": ["Normative Claim"]
    },
    "explainability": {
      "present": true,
      "present_confidence": 0.88,
      "quotes_or_pointers": ["Section 3 covers explainability in AI cybersecurity models."],
      "quote_quality": [4],
      "assessor_notes": "Explores interpretable AI outputs to enhance trust.",
      "notes_quality": 4,
      "evidence_type": ["Empirical Data"]
    },
    "accountability": {
      "present": true,
      "present_confidence": 0.85,
      "quotes_or_pointers": ["Section 4 elaborates on accountability mechanisms in AI systems."],
      "quote_quality": [4],
      "assessor_notes": "Discusses governance and auditing for AI responsibility.",
      "notes_quality": 4,
      "evidence_type": ["Normative Claim"]
    },
    "human_oversight": {
      "present": true,
      "present_confidence": 0.8,
      "quotes_or_pointers": ["Section 5 highlights human-in-the-loop models for cybersecurity."],
      "quote_quality": [3],
      "assessor_notes": "Details human oversight roles in AI-driven security decisions.",
      "notes_quality": 3,
      "evidence_type": ["Empirical Data"]
    },
    "privacy": {
      "present": true,
      "present_confidence": 0.85,
      "quotes_or_pointers": ["Section 6 discusses privacy concerns and protections."],
      "quote_quality": [4],
      "assessor_notes": "Emphasizes data privacy in AI cybersecurity solutions.",
      "notes_quality": 4,
      "evidence_type": ["Normative Claim"]
    },
    "data_protection": {
      "present": true,
      "present_confidence": 0.83,
      "quotes_or_pointers": ["Section 7 details secure data management and encryption."],
      "quote_quality": [3],
      "assessor_notes": "Reviews protocols to protect data integrity.",
      "notes_quality": 3,
      "evidence_type": ["Empirical Data"]
    },
    "continuous_ethics_monitoring": {
      "present": true,
      "present_confidence": 0.78,
      "quotes_or_pointers": ["Section 8 examines ongoing ethical monitoring frameworks."],
      "quote_quality": [3],
      "assessor_notes": "Explains lifecycle ethics assessments to prevent bias and risks.",
      "notes_quality": 3,
      "evidence_type": ["Normative Claim"]
    }
  },
  "scoring": {
    "score_override": {
      "real_time_transparency": null,
      "explainability": null,
      "accountability": null,
      "human_oversight": null,
      "privacy": null,
      "data_protection": null,
      "continuous_ethics_monitoring": null
    },
    "total_score_manual_override": null
  }
}
