{
  "$schema": "https://example.org/ethical-ai-paper.schema.json",
  "paper_id": "ai_hype_cybersecurity_moral_responsibility",
  "metadata": {
    "title": "AI Hype as a Cyber Security Risk: The Moral Responsibility of Implementing Generative AI in Business",
    "authors": "Author GG, Author HH",
    "year": "2025",
    "venue": "Journal of AI and Cybersecurity Ethics",
    "link": ""
  },
  "summary": {
    "goal": "Analyze the moral risks associated with hype around generative AI in cybersecurity business applications",
    "method": "Ethical analysis and case studies",
    "use_case_or_domain": "Generative AI in cybersecurity business",
    "deployment_context": ""
  },
  "evidence": {
    "real_time_transparency": {
      "present": true,
      "present_confidence": 0.8,
      "quotes_or_pointers": ["Section 2 discusses transparent communication about AI capabilities."],
      "quote_quality": [3],
      "assessor_notes": "Stresses need for clear information to users and stakeholders.",
      "notes_quality": 3,
      "evidence_type": ["Normative Claim"]
    },
    "explainability": {
      "present": true,
      "present_confidence": 0.75,
      "quotes_or_pointers": ["Section 3 examines explainability challenges in generative AI."],
      "quote_quality": [3],
      "assessor_notes": "Highlights interpretability as crucial for ethical deployment.",
      "notes_quality": 3,
      "evidence_type": ["Normative Claim"]
    },
    "accountability": {
      "present": true,
      "present_confidence": 0.85,
      "quotes_or_pointers": ["Section 4 addresses accountability in AI-driven security business."],
      "quote_quality": [4],
      "assessor_notes": "Emphasizes responsibility for ethical AI use in business.",
      "notes_quality": 4,
      "evidence_type": ["Normative Claim"]
    },
    "human_oversight": {
      "present": false,
      "present_confidence": 0.0,
      "quotes_or_pointers": [],
      "quote_quality": [],
      "assessor_notes": "",
      "notes_quality": 0,
      "evidence_type": []
    },
    "privacy": {
      "present": true,
      "present_confidence": 0.8,
      "quotes_or_pointers": ["Section 5 discusses privacy risks from generative AI use."],
      "quote_quality": [3],
      "assessor_notes": "Highlights importance of protecting sensitive data.",
      "notes_quality": 3,
      "evidence_type": ["Normative Claim"]
    },
    "data_protection": {
      "present": true,
      "present_confidence": 0.75,
      "quotes_or_pointers": ["Section 6 covers data protection policies."],
      "quote_quality": [3],
      "assessor_notes": "Details secure data handling for generative AI.",
      "notes_quality": 3,
      "evidence_type": ["Normative Claim"]
    },
    "continuous_ethics_monitoring": {
      "present": false,
      "present_confidence": 0.0,
      "quotes_or_pointers": [],
      "quote_quality": [],
      "assessor_notes": "",
      "notes_quality": 0,
      "evidence_type": []
    }
  },
  "scoring": {
    "score_override": {
      "real_time_transparency": null,
      "explainability": null,
      "accountability": null,
      "human_oversight": null,
      "privacy": null,
      "data_protection": null,
      "continuous_ethics_monitoring": null
    },
    "total_score_manual_override": null
  }
}
