{
  "$schema": "https://example.org/ethical-ai-paper.schema.json",
  "paper_id": "ai_driven_solutions_cybersecurity_comparative",
  "metadata": {
    "title": "AI-driven Solutions for Cybersecurity: A Comparative Study",
    "authors": "Author RR, Author SS",
    "year": "2025",
    "venue": "Journal of AI and Cybersecurity",
    "link": ""
  },
  "summary": {
    "goal": "Compare AI-driven approaches and solutions in cybersecurity applications",
    "method": "Comparative analysis of multiple AI techniques",
    "use_case_or_domain": "AI cybersecurity technologies",
    "deployment_context": ""
  },
  "evidence": {
    "real_time_transparency": {
      "present": true,
      "present_confidence": 0.85,
      "quotes_or_pointers": ["Section 3 highlights transparency practices across solutions."],
      "quote_quality": [4],
      "assessor_notes": "Compares transparency mechanisms in real-time systems.",
      "notes_quality": 4,
      "evidence_type": ["Empirical Data"]
    },
    "explainability": {
      "present": true,
      "present_confidence": 0.8,
      "quotes_or_pointers": ["Section 4 discusses explainability features in AI models."],
      "quote_quality": [3],
      "assessor_notes": "Highlights explainable AI approaches among solutions.",
      "notes_quality": 3,
      "evidence_type": ["Empirical Data"]
    },
    "accountability": {
      "present": true,
      "present_confidence": 0.78,
      "quotes_or_pointers": ["Section 5 evaluates accountability measures in reviewed AI systems."],
      "quote_quality": [3],
      "assessor_notes": "Assesses governance and responsibility frameworks.",
      "notes_quality": 3,
      "evidence_type": ["Empirical Data"]
    },
    "human_oversight": {
      "present": true,
      "present_confidence": 0.75,
      "quotes_or_pointers": ["Section 6 covers human oversight roles."],
      "quote_quality": [3],
      "assessor_notes": "Discusses human-in-the-loop features in cybersecurity AI.",
      "notes_quality": 3,
      "evidence_type": ["Empirical Data"]
    },
    "privacy": {
      "present": true,
      "present_confidence": 0.8,
      "quotes_or_pointers": ["Section 7 focuses on privacy protection schemes."],
      "quote_quality": [3],
      "assessor_notes": "Compares privacy-preserving methods across solutions.",
      "notes_quality": 3,
      "evidence_type": ["Empirical Data"]
    },
    "data_protection": {
      "present": true,
      "present_confidence": 0.75,
      "quotes_or_pointers": ["Section 8 outlines data protection techniques."],
      "quote_quality": [3],
      "assessor_notes": "Highlights encryption and access control approaches.",
      "notes_quality": 3,
      "evidence_type": ["Empirical Data"]
    },
    "continuous_ethics_monitoring": {
      "present": false,
      "present_confidence": 0.0,
      "quotes_or_pointers": [],
      "quote_quality": [],
      "assessor_notes": "",
      "notes_quality": 0,
      "evidence_type": []
    }
  },
  "scoring": {
    "score_override": {
      "real_time_transparency": null,
      "explainability": null,
      "accountability": null,
      "human_oversight": null,
      "privacy": null,
      "data_protection": null,
      "continuous_ethics_monitoring": null
    },
    "total_score_manual_override": null
  }
}
