{
  "$schema": "https://example.org/ethical-ai-paper.schema.json",
  "paper_id": "ai_cybersecurity_growing_ethical_dilemma",
  "metadata": {
    "title": "Artificial Intelligence, Cybersecurity, and a Growing Ethical Dilemma",
    "authors": "Author CC, Author DD",
    "year": "2025",
    "venue": "Journal of AI and Cybersecurity Ethics",
    "link": ""
  },
  "summary": {
    "goal": "Analyze the emerging ethical dilemmas posed by AI in cybersecurity",
    "method": "Ethical analysis and case studies",
    "use_case_or_domain": "AI applications in cybersecurity",
    "deployment_context": ""
  },
  "evidence": {
    "real_time_transparency": {
      "present": true,
      "present_confidence": 0.85,
      "quotes_or_pointers": ["Section 2 discusses transparency challenges in AI cybersecurity systems."],
      "quote_quality": [4],
      "assessor_notes": "Highlights the need for clear runtime system feedback.",
      "notes_quality": 4,
      "evidence_type": ["Normative Claim"]
    },
    "explainability": {
      "present": true,
      "present_confidence": 0.8,
      "quotes_or_pointers": ["Section 3 examines explainability issues in AI decision making."],
      "quote_quality": [3],
      "assessor_notes": "Discusses interpretability to build trust.",
      "notes_quality": 3,
      "evidence_type": ["Normative Claim"]
    },
    "accountability": {
      "present": true,
      "present_confidence": 0.9,
      "quotes_or_pointers": ["Section 4 covers accountability frameworks in cybersecurity."],
      "quote_quality": [4],
      "assessor_notes": "Focuses on responsibility and governance.",
      "notes_quality": 4,
      "evidence_type": ["Normative Claim"]
    },
    "human_oversight": {
      "present": true,
      "present_confidence": 0.75,
      "quotes_or_pointers": ["Section 5 details human oversight in AI cybersecurity."],
      "quote_quality": [3],
      "assessor_notes": "Highlights human role in oversight and intervention.",
      "notes_quality": 3,
      "evidence_type": ["Normative Claim"]
    },
    "privacy": {
      "present": true,
      "present_confidence": 0.85,
      "quotes_or_pointers": ["Section 6 discusses privacy protection measures."],
      "quote_quality": [4],
      "assessor_notes": "Emphasizes safeguarding user data.",
      "notes_quality": 4,
      "evidence_type": ["Normative Claim"]
    },
    "data_protection": {
      "present": true,
      "present_confidence": 0.8,
      "quotes_or_pointers": ["Section 7 outlines data security protocols."],
      "quote_quality": [3],
      "assessor_notes": "Focuses on encryption and secure storage.",
      "notes_quality": 3,
      "evidence_type": ["Normative Claim"]
    },
    "continuous_ethics_monitoring": {
      "present": true,
      "present_confidence": 0.7,
      "quotes_or_pointers": ["Section 8 presents ongoing ethics monitoring recommendations."],
      "quote_quality": [3],
      "assessor_notes": "Advocates for continuous ethical oversight.",
      "notes_quality": 3,
      "evidence_type": ["Normative Claim"]
    }
  },
  "scoring": {
    "score_override": {
      "real_time_transparency": null,
      "explainability": null,
      "accountability": null,
      "human_oversight": null,
      "privacy": null,
      "data_protection": null,
      "continuous_ethics_monitoring": null
    },
    "total_score_manual_override": null
  }
}
