{
  "$schema": "https://example.org/ethical-ai-paper.schema.json",
  "paper_id": "ai_ethics_education_cybersecurity",
  "metadata": {
    "title": "Artificial Intelligence Ethics Education in Cybersecurity: Challenges and Opportunities",
    "authors": "Author WW, Author XX",
    "year": "2025",
    "venue": "Journal of AI and Cybersecurity Education",
    "link": ""
  },
  "summary": {
    "goal": "Discuss challenges and opportunities in ethics education for AI applied to cybersecurity",
    "method": "Review and theoretical analysis",
    "use_case_or_domain": "Education in AI ethics for cybersecurity",
    "deployment_context": ""
  },
  "evidence": {
    "real_time_transparency": {
      "present": true,
      "present_confidence": 0.85,
      "quotes_or_pointers": ["Section 2 highlights transparency in ethics education."],
      "quote_quality": [3],
      "assessor_notes": "Discusses importance of transparent teaching practices.",
      "notes_quality": 3,
      "evidence_type": ["Normative Claim"]
    },
    "explainability": {
      "present": true,
      "present_confidence": 0.8,
      "quotes_or_pointers": ["Section 3 covers explainability concepts in AI ethics education."],
      "quote_quality": [3],
      "assessor_notes": "Emphasizes comprehensible ethics frameworks.",
      "notes_quality": 3,
      "evidence_type": ["Normative Claim"]
    },
    "accountability": {
      "present": true,
      "present_confidence": 0.8,
      "quotes_or_pointers": ["Section 4 discusses accountability in ethics education."],
      "quote_quality": [3],
      "assessor_notes": "Highlights responsibility in teaching and learning ethical AI.",
      "notes_quality": 3,
      "evidence_type": ["Normative Claim"]
    },
    "human_oversight": {
      "present": false,
      "present_confidence": 0.0,
      "quotes_or_pointers": [],
      "quote_quality": [],
      "assessor_notes": "",
      "notes_quality": 0,
      "evidence_type": []
    },
    "privacy": {
      "present": true,
      "present_confidence": 0.75,
      "quotes_or_pointers": ["Section 5 addresses privacy in cyber ethics education."],
      "quote_quality": [3],
      "assessor_notes": "Discusses data privacy importance in learning contexts.",
      "notes_quality": 3,
      "evidence_type": ["Normative Claim"]
    },
    "data_protection": {
      "present": true,
      "present_confidence": 0.75,
      "quotes_or_pointers": ["Section 6 covers data protection education principles."],
      "quote_quality": [3],
      "assessor_notes": "Focuses on secure data management in educational settings.",
      "notes_quality": 3,
      "evidence_type": ["Normative Claim"]
    },
    "continuous_ethics_monitoring": {
      "present": true,
      "present_confidence": 0.7,
      "quotes_or_pointers": ["Section 7 discusses continuous improvement in ethics education."],
      "quote_quality": [3],
      "assessor_notes": "Highlights ongoing evaluation and curriculum updates.",
      "notes_quality": 3,
      "evidence_type": ["Normative Claim"]
    }
  },
  "scoring": {
    "score_override": {
      "real_time_transparency": null,
      "explainability": null,
      "accountability": null,
      "human_oversight": null,
      "privacy": null,
      "data_protection": null,
      "continuous_ethics_monitoring": null
    },
    "total_score_manual_override": null
  }
}
