{
  "$schema": "https://example.org/ethical-ai-paper.schema.json",
  "paper_id": "ai_ethics_and_cybersecurity_overview",
  "metadata": {
    "title": "Artificial Intelligence Ethics and Cybersecurity: Overview and",
    "authors": "Author EE, Author FF",
    "year": "2025",
    "venue": "Cybersecurity Ethics and AI Journal",
    "link": ""
  },
  "summary": {
    "goal": "Provide comprehensive overview of AI ethics challenges in cybersecurity",
    "method": "Synthesis of literature and practical applications",
    "use_case_or_domain": "AI applications in cybersecurity",
    "deployment_context": ""
  },
  "evidence": {
    "real_time_transparency": {
      "present": true,
      "present_confidence": 0.85,
      "quotes_or_pointers": ["Section 2 highlights transparency challenges in AI cybersecurity."],
      "quote_quality": [3],
      "assessor_notes": "Emphasizes need for real-time feedback mechanisms.",
      "notes_quality": 3,
      "evidence_type": ["Normative Claim"]
    },
    "explainability": {
      "present": true,
      "present_confidence": 0.85,
      "quotes_or_pointers": ["Section 3 discusses explainability in AI cybersecurity."],
      "quote_quality": [3],
      "assessor_notes": "Focuses on interpretable AI to increase trust.",
      "notes_quality": 3,
      "evidence_type": ["Normative Claim"]
    },
    "accountability": {
      "present": true,
      "present_confidence": 0.9,
      "quotes_or_pointers": ["Section 4 analyzes accountability frameworks applicable to AI cybersecurity."],
      "quote_quality": [4],
      "assessor_notes": "Details governance and responsibility pathways.",
      "notes_quality": 4,
      "evidence_type": ["Normative Claim"]
    },
    "human_oversight": {
      "present": true,
      "present_confidence": 0.75,
      "quotes_or_pointers": ["Section 5 highlights importance of human oversight."],
      "quote_quality": [3],
      "assessor_notes": "Describes human-in-the-loop models for cybersecurity decisions.",
      "notes_quality": 3,
      "evidence_type": ["Normative Claim"]
    },
    "privacy": {
      "present": true,
      "present_confidence": 0.8,
      "quotes_or_pointers": ["Section 6 covers privacy issues in AI cybersecurity deployments."],
      "quote_quality": [3],
      "assessor_notes": "Emphasizes data protection and privacy preservation.",
      "notes_quality": 3,
      "evidence_type": ["Normative Claim"]
    },
    "data_protection": {
      "present": true,
      "present_confidence": 0.8,
      "quotes_or_pointers": ["Section 7 outlines data protection policies and encryption."],
      "quote_quality": [3],
      "assessor_notes": "Discusses data security measures and compliance.",
      "notes_quality": 3,
      "evidence_type": ["Normative Claim"]
    },
    "continuous_ethics_monitoring": {
      "present": true,
      "present_confidence": 0.7,
      "quotes_or_pointers": ["Section 8 introduces continuous ethics monitoring concepts."],
      "quote_quality": [3],
      "assessor_notes": "Advocates lifecycle ethics assessments in AI cybersecurity.",
      "notes_quality": 3,
      "evidence_type": ["Normative Claim"]
    }
  },
  "scoring": {
    "score_override": {
      "real_time_transparency": null,
      "explainability": null,
      "accountability": null,
      "human_oversight": null,
      "privacy": null,
      "data_protection": null,
      "continuous_ethics_monitoring": null
    },
    "total_score_manual_override": null
  }
}
