{
  "$schema": "https://example.org/ethical-ai-paper.schema.json",
  "paper_id": "challenges_of_ai_driven_cybersecurity",
  "metadata": {
    "title": "Challenges of AI-Driven Cybersecurity",
    "authors": "Author KK, Author LL",
    "year": "2025",
    "venue": "Journal of AI Cybersecurity Research",
    "link": ""
  },
  "summary": {
    "goal": "Identify key challenges in implementing AI for cybersecurity",
    "method": "Analytical review",
    "use_case_or_domain": "AI cybersecurity applications",
    "deployment_context": ""
  },
  "evidence": {
    "real_time_transparency": {
      "present": true,
      "present_confidence": 0.82,
      "quotes_or_pointers": ["Section 2 highlights transparency issues in AI systems."],
      "quote_quality": [3],
      "assessor_notes": "Addresses transparency challenges impacting trust.",
      "notes_quality": 3,
      "evidence_type": ["Normative Claim"]
    },
    "explainability": {
      "present": true,
      "present_confidence": 0.8,
      "quotes_or_pointers": ["Section 3 discusses explainability limitations in AI models."],
      "quote_quality": [3],
      "assessor_notes": "Focuses on difficulties in interpreting AI decisions.",
      "notes_quality": 3,
      "evidence_type": ["Normative Claim"]
    },
    "accountability": {
      "present": true,
      "present_confidence": 0.78,
      "quotes_or_pointers": ["Section 4 examines accountability gaps in AI cybersecurity."],
      "quote_quality": [3],
      "assessor_notes": "Highlights responsibility issues in AI deployment.",
      "notes_quality": 3,
      "evidence_type": ["Normative Claim"]
    },
    "human_oversight": {
      "present": true,
      "present_confidence": 0.7,
      "quotes_or_pointers": ["Section 5 emphasizes need for human oversight."],
      "quote_quality": [2],
      "assessor_notes": "Suggests human-in-the-loop as a key safeguard.",
      "notes_quality": 2,
      "evidence_type": ["Normative Claim"]
    },
    "privacy": {
      "present": true,
      "present_confidence": 0.75,
      "quotes_or_pointers": ["Section 6 discusses privacy risks of AI cybersecurity."],
      "quote_quality": [2],
      "assessor_notes": "Raises concerns about data privacy and protection.",
      "notes_quality": 2,
      "evidence_type": ["Normative Claim"]
    },
    "data_protection": {
      "present": true,
      "present_confidence": 0.75,
      "quotes_or_pointers": ["Section 7 outlines data protection challenges."],
      "quote_quality": [3],
      "assessor_notes": "Focus on securing data within AI systems.",
      "notes_quality": 3,
      "evidence_type": ["Normative Claim"]
    },
    "continuous_ethics_monitoring": {
      "present": false,
      "present_confidence": 0.0,
      "quotes_or_pointers": [],
      "quote_quality": [],
      "assessor_notes": "",
      "notes_quality": 0,
      "evidence_type": []
    }
  },
  "scoring": {
    "score_override": {
      "real_time_transparency": null,
      "explainability": null,
      "accountability": null,
      "human_oversight": null,
      "privacy": null,
      "data_protection": null,
      "continuous_ethics_monitoring": null
    },
    "total_score_manual_override": null
  }
}
