{
  "$schema": "https://example.org/ethical-ai-paper.schema.json",
  "paper_id": "ethical_challenges_ai_cybersecurity",
  "metadata": {
    "title": "Ethical Challenges of AI in Cybersecurity: Bias, Privacy, and Autonomous Decision-Making",
    "authors": "Author UU, Author VV",
    "year": "2025",
    "venue": "Journal of AI Ethics and Security",
    "link": ""
  },
  "summary": {
    "goal": "Explore ethical challenges in AI cybersecurity, focusing on bias, privacy, and autonomy",
    "method": "Analytical and theoretical discussion",
    "use_case_or_domain": "AI-driven cybersecurity",
    "deployment_context": ""
  },
  "evidence": {
    "real_time_transparency": {
      "present": true,
      "present_confidence": 0.8,
      "quotes_or_pointers": ["Section 2 discusses transparency mechanisms."],
      "quote_quality": [3],
      "assessor_notes": "Addresses the need for transparent AI processes.",
      "notes_quality": 3,
      "evidence_type": ["Normative Claim"]
    },
    "explainability": {
      "present": true,
      "present_confidence": 0.75,
      "quotes_or_pointers": ["Section 3 covers explainability challenges."],
      "quote_quality": [3],
      "assessor_notes": "Highlights importance of interpretable decisions.",
      "notes_quality": 3,
      "evidence_type": ["Normative Claim"]
    },
    "accountability": {
      "present": true,
      "present_confidence": 0.8,
      "quotes_or_pointers": ["Section 4 analyzes accountability issues."],
      "quote_quality": [3],
      "assessor_notes": "Focus on governance and responsibility in AI systems.",
      "notes_quality": 3,
      "evidence_type": ["Normative Claim"]
    },
    "human_oversight": {
      "present": false,
      "present_confidence": 0.0,
      "quotes_or_pointers": [],
      "quote_quality": [],
      "assessor_notes": "",
      "notes_quality": 0,
      "evidence_type": []
    },
    "privacy": {
      "present": true,
      "present_confidence": 0.8,
      "quotes_or_pointers": ["Section 5 discusses privacy concerns and protections."],
      "quote_quality": [3],
      "assessor_notes": "Emphasizes safeguarding personal data.",
      "notes_quality": 3,
      "evidence_type": ["Normative Claim"]
    },
    "data_protection": {
      "present": true,
      "present_confidence": 0.75,
      "quotes_or_pointers": ["Section 6 outlines data protection methods."],
      "quote_quality": [3],
      "assessor_notes": "Details encryption and secure storage policies.",
      "notes_quality": 3,
      "evidence_type": ["Normative Claim"]
    },
    "continuous_ethics_monitoring": {
      "present": true,
      "present_confidence": 0.7,
      "quotes_or_pointers": ["Section 7 covers continuous ethics assessment."],
      "quote_quality": [3],
      "assessor_notes": "Recommends ongoing ethics governance.",
      "notes_quality": 3,
      "evidence_type": ["Normative Claim"]
    }
  },
  "scoring": {
    "score_override": {
      "real_time_transparency": null,
      "explainability": null,
      "accountability": null,
      "human_oversight": null,
      "privacy": null,
      "data_protection": null,
      "continuous_ethics_monitoring": null
    },
    "total_score_manual_override": null
  }
}
