{
  "$schema": "https://example.org/ethical-ai-paper.schema.json",
  "paper_id": "ethical_considerations_ai_cybersecurity_balancing",
  "metadata": {
    "title": "Ethical Considerations in AI-Driven Cybersecurity: Balancing Innovation and Regulation",
    "authors": "Author MM, Author NN",
    "year": "2025",
    "venue": "Journal of AI and Cybersecurity Ethics",
    "link": ""
  },
  "summary": {
    "goal": "Explore ethical challenges and balance between innovation and regulation in AI cybersecurity",
    "method": "Theoretical analysis and case studies",
    "use_case_or_domain": "AI-powered cybersecurity",
    "deployment_context": ""
  },
  "evidence": {
    "real_time_transparency": {
      "present": true,
      "present_confidence": 0.9,
      "quotes_or_pointers": ["Section 3 discusses transparency in AI cybersecurity applications."],
      "quote_quality": [4],
      "assessor_notes": "Emphasizes importance of real-time transparent processes.",
      "notes_quality": 4,
      "evidence_type": ["Normative Claim"]
    },
    "explainability": {
      "present": true,
      "present_confidence": 0.85,
      "quotes_or_pointers": ["Section 4 covers explainability tools and methods."],
      "quote_quality": [4],
      "assessor_notes": "Discusses explainability as key for trust and compliance.",
      "notes_quality": 4,
      "evidence_type": ["Normative Claim"]
    },
    "accountability": {
      "present": true,
      "present_confidence": 0.88,
      "quotes_or_pointers": ["Section 5 highlights accountability frameworks."],
      "quote_quality": [4],
      "assessor_notes": "Focus on governance and responsibility.",
      "notes_quality": 4,
      "evidence_type": ["Normative Claim"]
    },
    "human_oversight": {
      "present": true,
      "present_confidence": 0.8,
      "quotes_or_pointers": ["Section 6 mentions human-in-the-loop safeguards."],
      "quote_quality": [3],
      "assessor_notes": "Promotes human intervention to safeguard AI decisions.",
      "notes_quality": 3,
      "evidence_type": ["Normative Claim"]
    },
    "privacy": {
      "present": true,
      "present_confidence": 0.85,
      "quotes_or_pointers": ["Section 7 addresses privacy standards in AI systems."],
      "quote_quality": [4],
      "assessor_notes": "Emphasizes user data protection.",
      "notes_quality": 4,
      "evidence_type": ["Normative Claim"]
    },
    "data_protection": {
      "present": true,
      "present_confidence": 0.83,
      "quotes_or_pointers": ["Section 8 discusses data security and encryption."],
      "quote_quality": [3],
      "assessor_notes": "Details data protection policies.",
      "notes_quality": 3,
      "evidence_type": ["Normative Claim"]
    },
    "continuous_ethics_monitoring": {
      "present": true,
      "present_confidence": 0.75,
      "quotes_or_pointers": ["Section 9 covers ongoing ethical monitoring frameworks."],
      "quote_quality": [3],
      "assessor_notes": "Recommends continuous assessment of AI ethics.",
      "notes_quality": 3,
      "evidence_type": ["Normative Claim"]
    }
  },
  "scoring": {
    "score_override": {
      "real_time_transparency": null,
      "explainability": null,
      "accountability": null,
      "human_oversight": null,
      "privacy": null,
      "data_protection": null,
      "continuous_ethics_monitoring": null
    },
    "total_score_manual_override": null
  }
}
