{
  "$schema": "https://example.org/ethical-ai-paper.schema.json",
  "paper_id": "ethics_of_ai_and_cybersecurity_sovereignty",
  "metadata": {
    "title": "Ethics of AI and Cybersecurity: When Sovereignty is at Stake",
    "authors": "Author AA, Author BB",
    "year": "2025",
    "venue": "Journal of AI and Cybersecurity Ethics",
    "link": ""
  },
  "summary": {
    "goal": "Examine ethical challenges in AI-driven cybersecurity related to sovereignty",
    "method": "Theoretical and policy analysis",
    "use_case_or_domain": "Sovereignty and cybersecurity policy",
    "deployment_context": ""
  },
  "evidence": {
    "real_time_transparency": {
      "present": true,
      "present_confidence": 0.85,
      "quotes_or_pointers": ["Section 2 discusses transparency in national AI cybersecurity strategies."],
      "quote_quality": [4],
      "assessor_notes": "Highlights transparency as crucial for sovereign control.",
      "notes_quality": 4,
      "evidence_type": ["Normative Claim"]
    },
    "explainability": {
      "present": true,
      "present_confidence": 0.8,
      "quotes_or_pointers": ["Section 3 emphasizes explainability in sovereign AI systems."],
      "quote_quality": [3],
      "assessor_notes": "Discusses need for interpretable AI to ensure accountability.",
      "notes_quality": 3,
      "evidence_type": ["Normative Claim"]
    },
    "accountability": {
      "present": true,
      "present_confidence": 0.9,
      "quotes_or_pointers": ["Section 4 focuses on accountability in national cybersecurity frameworks."],
      "quote_quality": [5],
      "assessor_notes": "Frames accountability as key for ethical AI sovereignty.",
      "notes_quality": 5,
      "evidence_type": ["Normative Claim"]
    },
    "human_oversight": {
      "present": false,
      "present_confidence": 0.0,
      "quotes_or_pointers": [],
      "quote_quality": [],
      "assessor_notes": "",
      "notes_quality": 0,
      "evidence_type": []
    },
    "privacy": {
      "present": true,
      "present_confidence": 0.85,
      "quotes_or_pointers": ["Section 5 addresses privacy implications for sovereign data."],
      "quote_quality": [4],
      "assessor_notes": "Considers privacy in cross-national AI cybersecurity data flows.",
      "notes_quality": 4,
      "evidence_type": ["Normative Claim"]
    },
    "data_protection": {
      "present": true,
      "present_confidence": 0.8,
      "quotes_or_pointers": ["Section 6 covers data protection policies in sovereignty context."],
      "quote_quality": [3],
      "assessor_notes": "Discusses enforcement of data security measures.",
      "notes_quality": 3,
      "evidence_type": ["Normative Claim"]
    },
    "continuous_ethics_monitoring": {
      "present": true,
      "present_confidence": 0.75,
      "quotes_or_pointers": ["Section 7 elaborates on continuous ethics governance."],
      "quote_quality": [3],
      "assessor_notes": "Recommends ongoing ethical oversight for sovereign AI.",
      "notes_quality": 3,
      "evidence_type": ["Normative Claim"]
    }
  },
  "scoring": {
    "score_override": {
      "real_time_transparency": null,
      "explainability": null,
      "accountability": null,
      "human_oversight": null,
      "privacy": null,
      "data_protection": null,
      "continuous_ethics_monitoring": null
    },
    "total_score_manual_override": null
  }
}
