{
  "$schema": "https://example.org/ethical-ai-paper.schema.json",
  "paper_id": "ethics_in_ai_cybersecurity_approach",
  "metadata": {
    "title": "Ethics in Artificial Intelligence: an Approach to Cybersecurity",
    "authors": "Author Y, Author Z",
    "year": "2025",
    "venue": "Cybersecurity Ethics Journal",
    "link": ""
  },
  "summary": {
    "goal": "Present an ethical framework specifically tailored for AI in cybersecurity",
    "method": "Framework proposal and applied examples",
    "use_case_or_domain": "AI-enabled cybersecurity systems",
    "deployment_context": ""
  },
  "evidence": {
    "real_time_transparency": {
      "present": true,
      "present_confidence": 0.9,
      "quotes_or_pointers": ["Section 3 covers real-time transparency mechanisms."],
      "quote_quality": [4],
      "assessor_notes": "Emphasizes importance of live system feedback for trust.",
      "notes_quality": 4,
      "evidence_type": ["Normative Claim"]
    },
    "explainability": {
      "present": true,
      "present_confidence": 0.85,
      "quotes_or_pointers": ["Section 4 discusses explainability of AI decisions."],
      "quote_quality": [4],
      "assessor_notes": "Details methods to make AI outputs interpretable.",
      "notes_quality": 4,
      "evidence_type": ["Normative Claim"]
    },
    "accountability": {
      "present": true,
      "present_confidence": 0.88,
      "quotes_or_pointers": ["Section 5 includes accountability frameworks."],
      "quote_quality": [4],
      "assessor_notes": "Strong focus on legal and ethical responsibility.",
      "notes_quality": 4,
      "evidence_type": ["Normative Claim"]
    },
    "human_oversight": {
      "present": true,
      "present_confidence": 0.8,
      "quotes_or_pointers": ["Section 6 addresses human-in-the-loop controls."],
      "quote_quality": [3],
      "assessor_notes": "Explains need for human review and intervention.",
      "notes_quality": 3,
      "evidence_type": ["Normative Claim"]
    },
    "privacy": {
      "present": true,
      "present_confidence": 0.85,
      "quotes_or_pointers": ["Section 7 discusses privacy protections for users."],
      "quote_quality": [4],
      "assessor_notes": "Highlights data protection and privacy concerns.",
      "notes_quality": 4,
      "evidence_type": ["Normative Claim"]
    },
    "data_protection": {
      "present": true,
      "present_confidence": 0.82,
      "quotes_or_pointers": ["Section 8 covers data security measures."],
      "quote_quality": [3],
      "assessor_notes": "Describes encryption and secure storage policies.",
      "notes_quality": 3,
      "evidence_type": ["Normative Claim"]
    },
    "continuous_ethics_monitoring": {
      "present": true,
      "present_confidence": 0.75,
      "quotes_or_pointers": ["Section 9 details ongoing ethics monitoring efforts."],
      "quote_quality": [3],
      "assessor_notes": "Advocates continuous evaluation and compliance checks.",
      "notes_quality": 3,
      "evidence_type": ["Normative Claim"]
    }
  },
  "scoring": {
    "score_override": {
      "real_time_transparency": null,
      "explainability": null,
      "accountability": null,
      "human_oversight": null,
      "privacy": null,
      "data_protection": null,
      "continuous_ethics_monitoring": null
    },
    "total_score_manual_override": null
  }
}
