{
  "$schema": "https://example.org/ethical-ai-paper.schema.json",
  "paper_id": "ethical_governance_is_essential",
  "metadata": {
    "title": "Ethical Governance is Essential",
    "authors": "Author I, Author J",
    "year": "2025",
    "venue": "Journal of Ethics in AI",
    "link": ""
  },
  "summary": {
    "goal": "Highlight the critical importance of ethical governance in AI systems",
    "method": "Theoretical analysis and policy recommendations",
    "use_case_or_domain": "AI governance frameworks",
    "deployment_context": ""
  },
  "evidence": {
    "real_time_transparency": {
      "present": true,
      "present_confidence": 0.85,
      "quotes_or_pointers": ["Section 2 emphasizes transparency mechanisms in governance."],
      "quote_quality": [4],
      "assessor_notes": "Focus on transparency ensuring trust in AI operations.",
      "notes_quality": 4,
      "evidence_type": ["Normative Claim"]
    },
    "explainability": {
      "present": true,
      "present_confidence": 0.8,
      "quotes_or_pointers": ["Section 3 discusses explainability as part of ethical governance."],
      "quote_quality": [3],
      "assessor_notes": "Explores the role of interpretable AI in governance.",
      "notes_quality": 3,
      "evidence_type": ["Normative Claim"]
    },
    "accountability": {
      "present": true,
      "present_confidence": 0.9,
      "quotes_or_pointers": ["Section 4 examines accountability frameworks in AI governance."],
      "quote_quality": [5],
      "assessor_notes": "Strong emphasis on legal and ethical accountability.",
      "notes_quality": 5,
      "evidence_type": ["Normative Claim"]
    },
    "human_oversight": {
      "present": false,
      "present_confidence": 0.0,
      "quotes_or_pointers": [],
      "quote_quality": [],
      "assessor_notes": "",
      "notes_quality": 0,
      "evidence_type": []
    },
    "privacy": {
      "present": true,
      "present_confidence": 0.85,
      "quotes_or_pointers": ["Section 5 addresses privacy concerns in governance."],
      "quote_quality": [4],
      "assessor_notes": "Highlights importance of user data protection.",
      "notes_quality": 4,
      "evidence_type": ["Normative Claim"]
    },
    "data_protection": {
      "present": true,
      "present_confidence": 0.8,
      "quotes_or_pointers": ["Section 6 outlines data protection policies."],
      "quote_quality": [4],
      "assessor_notes": "Discusses enforcement of secure data handling.",
      "notes_quality": 4,
      "evidence_type": ["Normative Claim"]
    },
    "continuous_ethics_monitoring": {
      "present": true,
      "present_confidence": 0.75,
      "quotes_or_pointers": ["Section 7 covers continual ethical impact assessments."],
      "quote_quality": [3],
      "assessor_notes": "Advocates ongoing ethics monitoring in governance frameworks.",
      "notes_quality": 3,
      "evidence_type": ["Normative Claim"]
    }
  },
  "scoring": {
    "score_override": {
      "real_time_transparency": null,
      "explainability": null,
      "accountability": null,
      "human_oversight": null,
      "privacy": null,
      "data_protection": null,
      "continuous_ethics_monitoring": null
    },
    "total_score_manual_override": null
  }
}
