{
  "$schema": "https://example.org/ethical-ai-paper.schema.json",
  "paper_id": "ethical_ai_cybersecurity_innovation_regulation",
  "metadata": {
    "title": "Ethical AI for Cybersecurity: A Framework for Balancing Innovation and Regulation",
    "authors": "Author II, Author JJ",
    "year": "2025",
    "venue": "Journal of AI Ethics and Cybersecurity",
    "link": ""
  },
  "summary": {
    "goal": "Develop a framework to balance innovation with ethical regulation in AI-driven cybersecurity",
    "method": "Conceptual framework and policy analysis",
    "use_case_or_domain": "Ethical AI regulation in cybersecurity",
    "deployment_context": ""
  },
  "evidence": {
    "real_time_transparency": {
      "present": true,
      "present_confidence": 0.9,
      "quotes_or_pointers": ["Section 3 discusses transparency in AI cybersecurity solutions."],
      "quote_quality": [4],
      "assessor_notes": "Highlights role of transparency in balancing innovation and ethics.",
      "notes_quality": 4,
      "evidence_type": ["Normative Claim"]
    },
    "explainability": {
      "present": true,
      "present_confidence": 0.85,
      "quotes_or_pointers": ["Section 4 details explainability mechanisms."],
      "quote_quality": [4],
      "assessor_notes": "Emphasizes importance of interpretable AI in regulatory compliance.",
      "notes_quality": 4,
      "evidence_type": ["Normative Claim"]
    },
    "accountability": {
      "present": true,
      "present_confidence": 0.88,
      "quotes_or_pointers": ["Section 5 elaborates on accountability frameworks."],
      "quote_quality": [4],
      "assessor_notes": "Discusses governance and responsibility tracking.",
      "notes_quality": 4,
      "evidence_type": ["Normative Claim"]
    },
    "human_oversight": {
      "present": true,
      "present_confidence": 0.8,
      "quotes_or_pointers": ["Section 6 describes human-in-the-loop roles."],
      "quote_quality": [3],
      "assessor_notes": "Supports human review and intervention safeguards.",
      "notes_quality": 3,
      "evidence_type": ["Normative Claim"]
    },
    "privacy": {
      "present": true,
      "present_confidence": 0.85,
      "quotes_or_pointers": ["Section 7 focuses on privacy preservation techniques."],
      "quote_quality": [4],
      "assessor_notes": "Highlights data protection in AI cybersecurity innovation.",
      "notes_quality": 4,
      "evidence_type": ["Normative Claim"]
    },
    "data_protection": {
      "present": true,
      "present_confidence": 0.8,
      "quotes_or_pointers": ["Section 8 reviews data security policies."],
      "quote_quality": [3],
      "assessor_notes": "Emphasizes encryption and secure data handling standards.",
      "notes_quality": 3,
      "evidence_type": ["Normative Claim"]
    },
    "continuous_ethics_monitoring": {
      "present": true,
      "present_confidence": 0.75,
      "quotes_or_pointers": ["Section 9 advocates ongoing ethics monitoring."],
      "quote_quality": [3],
      "assessor_notes": "Encourages continuous ethical assessment and governance.",
      "notes_quality": 3,
      "evidence_type": ["Normative Claim"]
    }
  },
  "scoring": {
    "score_override": {
      "real_time_transparency": null,
      "explainability": null,
      "accountability": null,
      "human_oversight": null,
      "privacy": null,
      "data_protection": null,
      "continuous_ethics_monitoring": null
    },
    "total_score_manual_override": null
  }
}
