{
  "$schema": "https://example.org/ethical-ai-paper.schema.json",
  "paper_id": "ethics_in_ai_introduction_special_issue",
  "metadata": {
    "title": "Ethics in Artificial Intelligence: Introduction to the Special Issue",
    "authors": "Author AA, Author BB",
    "year": "2025",
    "venue": "Journal of AI Ethics",
    "link": ""
  },
  "summary": {
    "goal": "Introduce the special issue on ethics in artificial intelligence, highlighting key ethical challenges of autonomous AI systems",
    "method": "Editorial and thematic overview",
    "use_case_or_domain": "Ethics of autonomous AI systems",
    "deployment_context": ""
  },
  "evidence": {
    "real_time_transparency": {
      "present": true,
      "present_confidence": 0.9,
      "quotes_or_pointers": [
        "Emphasizes the need for transparency in autonomous decision-making AI systems."
      ],
      "quote_quality": [4],
      "assessor_notes": "Transparency is critical to trust and ethical behavior in AI.",
      "notes_quality": 4,
      "evidence_type": ["Normative Claim"]
    },
    "explainability": {
      "present": true,
      "present_confidence": 0.85,
      "quotes_or_pointers": [
        "Discusses the importance of explainability mechanisms to enable understanding and oversight."
      ],
      "quote_quality": [4],
      "assessor_notes": "Explainability enables accountability and human trust.",
      "notes_quality": 4,
      "evidence_type": ["Normative Claim"]
    },
    "accountability": {
      "present": true,
      "present_confidence": 0.88,
      "quotes_or_pointers": [
        "Highlights the challenge of assigning accountability to autonomous systems and their developers."
      ],
      "quote_quality": [4],
      "assessor_notes": "Accountability frameworks are essential for ethical AI governance.",
      "notes_quality": 4,
      "evidence_type": ["Normative Claim"]
    },
    "human_oversight": {
      "present": true,
      "present_confidence": 0.8,
      "quotes_or_pointers": [
        "Calls for human-in-the-loop and human oversight mechanisms in AI deployment."
      ],
      "quote_quality": [3],
      "assessor_notes": "Human oversight helps prevent unethical autonomous actions.",
      "notes_quality": 3,
      "evidence_type": ["Normative Claim"]
    },
    "privacy": {
      "present": true,
      "present_confidence": 0.85,
      "quotes_or_pointers": [
        "Emphasizes the protection of privacy and human rights in AI development."
      ],
      "quote_quality": [4],
      "assessor_notes": "Privacy is a fundamental ethical concern in AI systems.",
      "notes_quality": 4,
      "evidence_type": ["Normative Claim"]
    },
    "data_protection": {
      "present": true,
      "present_confidence": 0.8,
      "quotes_or_pointers": [
        "Discusses the need for secure data handling and protection in AI systems."
      ],
      "quote_quality": [3],
      "assessor_notes": "Data protection underlies ethical AI deployment.",
      "notes_quality": 3,
      "evidence_type": ["Normative Claim"]
    },
    "continuous_ethics_monitoring": {
      "present": true,
      "present_confidence": 0.75,
      "quotes_or_pointers": [
        "Advocates for continuous ethical assessment during AI system lifecycle."
      ],
      "quote_quality": [3],
      "assessor_notes": "Ongoing ethics monitoring strengthens responsible AI.",
      "notes_quality": 3,
      "evidence_type": ["Normative Claim"]
    }
  },
  "scoring": {
    "score_override": {
      "real_time_transparency": null,
      "explainability": null,
      "accountability": null,
      "human_oversight": null,
      "privacy": null,
      "data_protection": null,
      "continuous_ethics_monitoring": null
    },
    "total_score_manual_override": null
  }
}
