{
  "$schema": "https://example.org/ethical-ai-paper.schema.json",
  "paper_id": "explainable_ai_black_box_to_glass_box",
  "metadata": {
    "title": "Explainable AI: From Black Box to Glass Box",
    "authors": "Author U, Author V",
    "year": "2025",
    "venue": "Journal of AI Transparency",
    "link": ""
  },
  "summary": {
    "goal": "Review advances in explainable AI models and techniques",
    "method": "Survey and framework proposal",
    "use_case_or_domain": "AI interpretability",
    "deployment_context": ""
  },
  "evidence": {
    "real_time_transparency": {
      "present": true,
      "present_confidence": 0.85,
      "quotes_or_pointers": ["Section 2 discusses real-time transparency techniques."],
      "quote_quality": [4],
      "assessor_notes": "Highlights importance of runtime visibility.",
      "notes_quality": 4,
      "evidence_type": ["Normative Claim"]
    },
    "explainability": {
      "present": true,
      "present_confidence": 0.9,
      "quotes_or_pointers": ["Section 3 details methods for AI explainability."],
      "quote_quality": [5],
      "assessor_notes": "Focuses on interpretable models and explanations.",
      "notes_quality": 5,
      "evidence_type": ["Empirical Data"]
    },
    "accountability": {
      "present": true,
      "present_confidence": 0.8,
      "quotes_or_pointers": ["Section 4 examines accountability challenges."],
      "quote_quality": [3],
      "assessor_notes": "Discusses responsibility and auditability.",
      "notes_quality": 3,
      "evidence_type": ["Normative Claim"]
    },
    "human_oversight": {
      "present": false,
      "present_confidence": 0.0,
      "quotes_or_pointers": [],
      "quote_quality": [],
      "assessor_notes": "",
      "notes_quality": 0,
      "evidence_type": []
    },
    "privacy": {
      "present": false,
      "present_confidence": 0.0,
      "quotes_or_pointers": [],
      "quote_quality": [],
      "assessor_notes": "",
      "notes_quality": 0,
      "evidence_type": []
    },
    "data_protection": {
      "present": false,
      "present_confidence": 0.0,
      "quotes_or_pointers": [],
      "quote_quality": [],
      "assessor_notes": "",
      "notes_quality": 0,
      "evidence_type": []
    },
    "continuous_ethics_monitoring": {
      "present": false,
      "present_confidence": 0.0,
      "quotes_or_pointers": [],
      "quote_quality": [],
      "assessor_notes": "",
      "notes_quality": 0,
      "evidence_type": []
    }
  },
  "scoring": {
    "score_override": {
      "real_time_transparency": null,
      "explainability": null,
      "accountability": null,
      "human_oversight": null,
      "privacy": null,
      "data_protection": null,
      "continuous_ethics_monitoring": null
    },
    "total_score_manual_override": null
  }
}
