{
  "$schema": "https://example.org/ethical-ai-paper.schema.json",
  "paper_id": "practical_cybersecurity_ethics_mapping_cybok",
  "metadata": {
    "title": "Practical Cybersecurity Ethics: Mapping CyBOK to Ethical Principles",
    "authors": "Author YY, Author ZZ",
    "year": "2025",
    "venue": "Journal of Cybersecurity Ethics",
    "link": ""
  },
  "summary": {
    "goal": "Map the Cybersecurity Body of Knowledge (CyBOK) to ethical principles to guide practical cybersecurity ethics.",
    "method": "Analytical mapping and framework development",
    "use_case_or_domain": "Cybersecurity ethics integration",
    "deployment_context": ""
  },
  "evidence": {
    "real_time_transparency": {
      "present": true,
      "present_confidence": 0.9,
      "quotes_or_pointers": ["Section 4 discusses transparency in cybersecurity practice."],
      "quote_quality": [4],
      "assessor_notes": "Emphasizes real-time transparent ethical practices in cybersecurity.",
      "notes_quality": 4,
      "evidence_type": ["Normative Claim"]
    },
    "explainability": {
      "present": true,
      "present_confidence": 0.85,
      "quotes_or_pointers": ["Section 5 covers explainability in cybersecurity tools and ethics."],
      "quote_quality": [4],
      "assessor_notes": "Explains the need for interpretable tools in cybersecurity ethics.",
      "notes_quality": 4,
      "evidence_type": ["Normative Claim"]
    },
    "accountability": {
      "present": true,
      "present_confidence": 0.88,
      "quotes_or_pointers": ["Section 6 highlights accountability frameworks in the CyBOK mapping."],
      "quote_quality": [4],
      "assessor_notes": "Discussion on responsibility and governance in cybersecurity ethics.",
      "notes_quality": 4,
      "evidence_type": ["Normative Claim"]
    },
    "human_oversight": {
      "present": true,
      "present_confidence": 0.8,
      "quotes_or_pointers": ["Section 7 includes human oversight considerations."],
      "quote_quality": [3],
      "assessor_notes": "Addresses ethical human-in-the-loop mechanisms.",
      "notes_quality": 3,
      "evidence_type": ["Normative Claim"]
    },
    "privacy": {
      "present": true,
      "present_confidence": 0.85,
      "quotes_or_pointers": ["Section 8 discusses privacy protections mapped to CyBOK."],
      "quote_quality": [4],
      "assessor_notes": "Highlights privacy as a core ethical principle.",
      "notes_quality": 4,
      "evidence_type": ["Normative Claim"]
    },
    "data_protection": {
      "present": true,
      "present_confidence": 0.8,
      "quotes_or_pointers": ["Section 9 covers data protection policies."],
      "quote_quality": [3],
      "assessor_notes": "Details data security practices for ethical cybersecurity.",
      "notes_quality": 3,
      "evidence_type": ["Normative Claim"]
    },
    "continuous_ethics_monitoring": {
      "present": true,
      "present_confidence": 0.75,
      "quotes_or_pointers": ["Section 10 introduces continuous ethics monitoring frameworks."],
      "quote_quality": [3],
      "assessor_notes": "Advocates ongoing ethics evaluation in cybersecurity.",
      "notes_quality": 3,
      "evidence_type": ["Normative Claim"]
    }
  },
  "scoring": {
    "score_override": {
      "real_time_transparency": null,
      "explainability": null,
      "accountability": null,
      "human_oversight": null,
      "privacy": null,
      "data_protection": null,
      "continuous_ethics_monitoring": null
    },
    "total_score_manual_override": null
  }
}
