{
  "$schema": "https://example.org/ethical-ai-paper.schema.json",
  "paper_id": "securing_ai_frontier_ethics_regulation",
  "metadata": {
    "title": "Securing the AI Frontier: Urgent Ethical and Regulatory Imperatives for AI-Driven Cybersecurity",
    "authors": "Author GG, Author HH",
    "year": "2025",
    "venue": "AI Cybersecurity Review",
    "link": ""
  },
  "summary": {
    "goal": "Address ethical and regulatory requirements for secure AI-driven cybersecurity",
    "method": "Policy analysis and framework proposals",
    "use_case_or_domain": "AI-driven cybersecurity regulation",
    "deployment_context": ""
  },
  "evidence": {
    "real_time_transparency": {
      "present": true,
      "present_confidence": 0.89,
      "quotes_or_pointers": ["Section 2 focuses on real-time transparency initiatives for AI security."],
      "quote_quality": [4],
      "assessor_notes": "Describes importance of visible, ongoing feedback for stakeholders.",
      "notes_quality": 4,
      "evidence_type": ["Normative Claim"]
    },
    "explainability": {
      "present": true,
      "present_confidence": 0.85,
      "quotes_or_pointers": ["Section 3 expands on explainability in regulatory contexts."],
      "quote_quality": [4],
      "assessor_notes": "Discusses interpretable model outputs for compliance.",
      "notes_quality": 4,
      "evidence_type": ["Normative Claim"]
    },
    "accountability": {
      "present": true,
      "present_confidence": 0.91,
      "quotes_or_pointers": ["Section 4 reviews accountability provisions in AI security governance."],
      "quote_quality": [5],
      "assessor_notes": "Highlights governance and legal responsibility frameworks.",
      "notes_quality": 5,
      "evidence_type": ["Normative Claim"]
    },
    "human_oversight": {
      "present": true,
      "present_confidence": 0.77,
      "quotes_or_pointers": ["Section 5 discusses required human oversight protocols."],
      "quote_quality": [3],
      "assessor_notes": "Addresses enforcement of human review and intervention in AI systems.",
      "notes_quality": 3,
      "evidence_type": ["Normative Claim"]
    },
    "privacy": {
      "present": true,
      "present_confidence": 0.88,
      "quotes_or_pointers": ["Section 6 highlights privacy mandates for AI-driven cybersecurity operations."],
      "quote_quality": [4],
      "assessor_notes": "Explains user data protection in regulatory frameworks.",
      "notes_quality": 4,
      "evidence_type": ["Normative Claim"]
    },
    "data_protection": {
      "present": true,
      "present_confidence": 0.82,
      "quotes_or_pointers": ["Section 7 details data protection policies and controls."],
      "quote_quality": [3],
      "assessor_notes": "Focuses on standardizing encryption, access controls, secure storage.",
      "notes_quality": 3,
      "evidence_type": ["Normative Claim"]
    },
    "continuous_ethics_monitoring": {
      "present": true,
      "present_confidence": 0.75,
      "quotes_or_pointers": ["Section 8 presents continuous ethics monitoring enforcement."],
      "quote_quality": [3],
      "assessor_notes": "Advocates for regulatory lifecycle ethical assessments.",
      "notes_quality": 3,
      "evidence_type": ["Normative Claim"]
    }
  },
  "scoring": {
    "score_override": {
      "real_time_transparency": null,
      "explainability": null,
      "accountability": null,
      "human_oversight": null,
      "privacy": null,
      "data_protection": null,
      "continuous_ethics_monitoring": null
    },
    "total_score_manual_override": null
  }
}
