{
  "$schema": "https://example.org/ethical-ai-paper.schema.json",
  "paper_id": "securing_trust_ai_cybersecurity",
  "metadata": {
    "title": "Securing Trust: Ethical Considerations in AI for Cybersecurity",
    "authors": "Author X, Author Y",
    "year": "2025",
    "venue": "Cybersecurity AI Journal",
    "link": ""
  },
  "summary": {
    "goal": "Explore frameworks to embed ethics and trust in AI cybersecurity systems.",
    "method": "Literature review and framework synthesis",
    "use_case_or_domain": "AI-driven cybersecurity",
    "deployment_context": ""
  },
  "evidence": {
    "real_time_transparency": {
      "present": true,
      "present_confidence": 0.9,
      "quotes_or_pointers": ["Section 2.2 discusses transparency dashboards."],
      "quote_quality": [4],
      "assessor_notes": "Highlights mechanisms for real-time user feedback.",
      "notes_quality": 4,
      "evidence_type": ["Normative Claim"]
    },
    "explainability": {
      "present": true,
      "present_confidence": 0.85,
      "quotes_or_pointers": ["Section 3 explains model interpretability approaches."],
      "quote_quality": [4],
      "assessor_notes": "Discusses importance of understandable AI decisions.",
      "notes_quality": 4,
      "evidence_type": ["Empirical Data"]
    },
    "accountability": {
      "present": true,
      "present_confidence": 0.9,
      "quotes_or_pointers": ["Section 4 mentions logging and audit trails."],
      "quote_quality": [4],
      "assessor_notes": "Focus on auditing and responsibility tracking.",
      "notes_quality": 4,
      "evidence_type": ["Normative Claim"]
    },
    "human_oversight": {
      "present": true,
      "present_confidence": 0.8,
      "quotes_or_pointers": ["Section 5 details human-in-the-loop models."],
      "quote_quality": [3],
      "assessor_notes": "Includes human intervention safeguards.",
      "notes_quality": 3,
      "evidence_type": ["Empirical Data"]
    },
    "privacy": {
      "present": true,
      "present_confidence": 0.9,
      "quotes_or_pointers": ["Section 6 discusses data minimization techniques."],
      "quote_quality": [4],
      "assessor_notes": "Emphasizes protecting user identities.",
      "notes_quality": 4,
      "evidence_type": ["Normative Claim"]
    },
    "data_protection": {
      "present": true,
      "present_confidence": 0.85,
      "quotes_or_pointers": ["Section 7 describes encryption and access controls."],
      "quote_quality": [4],
      "assessor_notes": "Reviews strong data security practices.",
      "notes_quality": 4,
      "evidence_type": ["Empirical Data"]
    },
    "continuous_ethics_monitoring": {
      "present": true,
      "present_confidence": 0.75,
      "quotes_or_pointers": ["Section 8 covers ongoing ethics assessments."],
      "quote_quality": [3],
      "assessor_notes": "Suggests lifecycle governance for AI ethics.",
      "notes_quality": 3,
      "evidence_type": ["Normative Claim"]
    }
  },
  "scoring": {
    "score_override": {
      "real_time_transparency": null,
      "explainability": null,
      "accountability": null,
      "human_oversight": null,
      "privacy": null,
      "data_protection": null,
      "continuous_ethics_monitoring": null
    },
    "total_score_manual_override": null
  }
}
