{
  "$schema": "https://example.org/ethical-ai-paper.schema.json",
  "paper_id": "double_edged_sword_ai_adversarial_attacks",
  "metadata": {
    "title": "The Double-Edged Sword of AI: Ethical Adversarial Attacks to Counter Artificial Intelligence for Crime",
    "authors": "Author EE, Author FF",
    "year": "2025",
    "venue": "Journal of AI and Cybersecurity Ethics",
    "link": ""
  },
  "summary": {
    "goal": "Explore ethical considerations of adversarial AI techniques in combating cybercrime",
    "method": "Analytical review and case discussions",
    "use_case_or_domain": "Adversarial AI in cybersecurity",
    "deployment_context": ""
  },
  "evidence": {
    "real_time_transparency": {
      "present": true,
      "present_confidence": 0.8,
      "quotes_or_pointers": ["Section 2 highlights transparency challenges in adversarial AI."],
      "quote_quality": [3],
      "assessor_notes": "Discusses need for transparency in adversarial contexts.",
      "notes_quality": 3,
      "evidence_type": ["Normative Claim"]
    },
    "explainability": {
      "present": true,
      "present_confidence": 0.75,
      "quotes_or_pointers": ["Section 3 examines explainability in adversarial attacks."],
      "quote_quality": [3],
      "assessor_notes": "Addresses challenges of understanding adversarial AI behaviors.",
      "notes_quality": 3,
      "evidence_type": ["Normative Claim"]
    },
    "accountability": {
      "present": true,
      "present_confidence": 0.85,
      "quotes_or_pointers": ["Section 4 focuses on accountability in using adversarial AI."],
      "quote_quality": [4],
      "assessor_notes": "Emphasizes responsibility in deploying adversarial techniques.",
      "notes_quality": 4,
      "evidence_type": ["Normative Claim"]
    },
    "human_oversight": {
      "present": false,
      "present_confidence": 0.0,
      "quotes_or_pointers": [],
      "quote_quality": [],
      "assessor_notes": "",
      "notes_quality": 0,
      "evidence_type": []
    },
    "privacy": {
      "present": true,
      "present_confidence": 0.8,
      "quotes_or_pointers": ["Section 5 discusses privacy concerns with adversarial methods."],
      "quote_quality": [3],
      "assessor_notes": "Highlights data privacy issues in adversarial AI use.",
      "notes_quality": 3,
      "evidence_type": ["Normative Claim"]
    },
    "data_protection": {
      "present": true,
      "present_confidence": 0.75,
      "quotes_or_pointers": ["Section 6 addresses secure data handling during adversarial operations."],
      "quote_quality": [3],
      "assessor_notes": "Covers data management best practices.",
      "notes_quality": 3,
      "evidence_type": ["Normative Claim"]
    },
    "continuous_ethics_monitoring": {
      "present": false,
      "present_confidence": 0.0,
      "quotes_or_pointers": [],
      "quote_quality": [],
      "assessor_notes": "",
      "notes_quality": 0,
      "evidence_type": []
    }
  },
  "scoring": {
    "score_override": {
      "real_time_transparency": null,
      "explainability": null,
      "accountability": null,
      "human_oversight": null,
      "privacy": null,
      "data_protection": null,
      "continuous_ethics_monitoring": null
    },
    "total_score_manual_override": null
  }
}
