{
  "$schema": "https://example.org/ethical-ai-paper.schema.json",
  "paper_id": "intersection_ai_cybersecurity_challenges",
  "metadata": {
    "title": "The Intersection of Artificial Intelligence and Cybersecurity: Challenges and",
    "authors": "Author PP, Author QQ",
    "year": "2025",
    "venue": "AI and Cybersecurity Journal",
    "link": ""
  },
  "summary": {
    "goal": "Identify key challenges at the intersection of AI and cybersecurity",
    "method": "Comprehensive review and analysis",
    "use_case_or_domain": "AI in cybersecurity applications",
    "deployment_context": ""
  },
  "evidence": {
    "real_time_transparency": {
      "present": true,
      "present_confidence": 0.85,
      "quotes_or_pointers": ["Section 2 explains real-time transparency mechanisms."],
      "quote_quality": [4],
      "assessor_notes": "Discusses transparency to enhance trust and security.",
      "notes_quality": 4,
      "evidence_type": ["Normative Claim"]
    },
    "explainability": {
      "present": true,
      "present_confidence": 0.8,
      "quotes_or_pointers": ["Section 3 covers explainability challenges and methods."],
      "quote_quality": [3],
      "assessor_notes": "Focus on interpretable AI for security decisions.",
      "notes_quality": 3,
      "evidence_type": ["Normative Claim"]
    },
    "accountability": {
      "present": true,
      "present_confidence": 0.9,
      "quotes_or_pointers": ["Section 4 examines accountability frameworks."],
      "quote_quality": [4],
      "assessor_notes": "Highlights accountability in AI and cybersecurity governance.",
      "notes_quality": 4,
      "evidence_type": ["Normative Claim"]
    },
    "human_oversight": {
      "present": true,
      "present_confidence": 0.75,
      "quotes_or_pointers": ["Section 5 discusses human oversight responsibilities."],
      "quote_quality": [3],
      "assessor_notes": "Emphasizes human-in-the-loop as a security measure.",
      "notes_quality": 3,
      "evidence_type": ["Normative Claim"]
    },
    "privacy": {
      "present": true,
      "present_confidence": 0.85,
      "quotes_or_pointers": ["Section 6 addresses privacy concerns in AI cybersecurity."],
      "quote_quality": [4],
      "assessor_notes": "Focuses on data protection and privacy preservation.",
      "notes_quality": 4,
      "evidence_type": ["Normative Claim"]
    },
    "data_protection": {
      "present": true,
      "present_confidence": 0.8,
      "quotes_or_pointers": ["Section 7 outlines data security protocols."],
      "quote_quality": [3],
      "assessor_notes": "Discusses secure data handling and storage measures.",
      "notes_quality": 3,
      "evidence_type": ["Normative Claim"]
    },
    "continuous_ethics_monitoring": {
      "present": true,
      "present_confidence": 0.7,
      "quotes_or_pointers": ["Section 8 discusses continuous ethics monitoring frameworks."],
      "quote_quality": [3],
      "assessor_notes": "Recommends ongoing ethical oversight.",
      "notes_quality": 3,
      "evidence_type": ["Normative Claim"]
    }
  },
  "scoring": {
    "score_override": {
      "real_time_transparency": null,
      "explainability": null,
      "accountability": null,
      "human_oversight": null,
      "privacy": null,
      "data_protection": null,
      "continuous_ethics_monitoring": null
    },
    "total_score_manual_override": null
  }
}
