{
  "$schema": "https://example.org/ethical-ai-paper.schema.json",
  "paper_id": "legal_implications_data_privacy",
  "metadata": {
    "title": "The Legal Implications of Data Privacy Laws: Cybersecurity Regulations",
    "authors": "Author A, Author B",
    "year": "2025",
    "venue": "Journal of Cybersecurity and Law",
    "link": ""
  },
  "summary": {
    "goal": "Analyze intersection of data privacy laws and cybersecurity regulations",
    "method": "Comparative legal analysis",
    "use_case_or_domain": "Data privacy and cybersecurity policy",
    "deployment_context": ""
  },
  "evidence": {
    "real_time_transparency": {
      "present": true,
      "present_confidence": 0.9,
      "quotes_or_pointers": ["Section 3.1 discusses runtime monitoring mandates."],
      "quote_quality": [4],
      "assessor_notes": "Paper emphasizes transparency during system operations.",
      "notes_quality": 4,
      "evidence_type": ["Normative Claim"]
    },
    "explainability": {
      "present": true,
      "present_confidence": 0.8,
      "quotes_or_pointers": ["Section 4 explains audit logs and decision traceability."],
      "quote_quality": [3],
      "assessor_notes": "Details methods to make AI decisions explainable.",
      "notes_quality": 3,
      "evidence_type": ["Empirical Data"]
    },
    "accountability": {
      "present": true,
      "present_confidence": 0.95,
      "quotes_or_pointers": ["Section 5 elaborates on liability frameworks and governance."],
      "quote_quality": [5],
      "assessor_notes": "Strong focus on legal responsibility and governance structures.",
      "notes_quality": 5,
      "evidence_type": ["Normative Claim"]
    },
    "human_oversight": {
      "present": false,
      "present_confidence": 0.0,
      "quotes_or_pointers": [],
      "quote_quality": [],
      "assessor_notes": "",
      "notes_quality": 0,
      "evidence_type": []
    },
    "privacy": {
      "present": true,
      "present_confidence": 0.9,
      "quotes_or_pointers": ["Section 6 highlights personal data protections."],
      "quote_quality": [4],
      "assessor_notes": "Discusses protective measures for personal information.",
      "notes_quality": 4,
      "evidence_type": ["Normative Claim"]
    },
    "data_protection": {
      "present": true,
      "present_confidence": 0.85,
      "quotes_or_pointers": ["Section 7 outlines encryption and secure storage protocols."],
      "quote_quality": [4],
      "assessor_notes": "Details secure data handling requirements.",
      "notes_quality": 4,
      "evidence_type": ["Empirical Data"]
    },
    "continuous_ethics_monitoring": {
      "present": false,
      "present_confidence": 0.0,
      "quotes_or_pointers": [],
      "quote_quality": [],
      "assessor_notes": "",
      "notes_quality": 0,
      "evidence_type": []
    }
  },
  "scoring": {
    "score_override": {
      "real_time_transparency": null,
      "explainability": null,
      "accountability": null,
      "human_oversight": null,
      "privacy": null,
      "data_protection": null,
      "continuous_ethics_monitoring": null
    },
    "total_score_manual_override": null
  }
}
