{
  "$schema": "https://example.org/ethical-ai-paper.schema.json",
  "paper_id": "ethics_of_algorithms_mapping_the_debate",
  "metadata": {
    "title": "The Ethics of Algorithms: Mapping the Debate",
    "authors": "Author S, Author T",
    "year": "2025",
    "venue": "Journal of Algorithmic Ethics",
    "link": ""
  },
  "summary": {
    "goal": "Map ethical concerns surrounding algorithmic decision-making and impact",
    "method": "Critical literature review",
    "use_case_or_domain": "Algorithmic ethics",
    "deployment_context": ""
  },
  "evidence": {
    "real_time_transparency": {
      "present": true,
      "present_confidence": 0.8,
      "quotes_or_pointers": ["Section 3 discusses transparency challenges in algorithms."],
      "quote_quality": [3],
      "assessor_notes": "Highlights difficulties with real-time transparency.",
      "notes_quality": 3,
      "evidence_type": ["Normative Claim"]
    },
    "explainability": {
      "present": true,
      "present_confidence": 0.85,
      "quotes_or_pointers": ["Section 4 elaborates on algorithm explainability needs."],
      "quote_quality": [4],
      "assessor_notes": "Discusses importance of interpretable algorithms.",
      "notes_quality": 4,
      "evidence_type": ["Normative Claim"]
    },
    "accountability": {
      "present": true,
      "present_confidence": 0.9,
      "quotes_or_pointers": ["Section 5 focuses on accountability in algorithmic decisions."],
      "quote_quality": [4],
      "assessor_notes": "Emphasizes responsibility in design and deployment.",
      "notes_quality": 4,
      "evidence_type": ["Normative Claim"]
    },
    "human_oversight": {
      "present": false,
      "present_confidence": 0.0,
      "quotes_or_pointers": [],
      "quote_quality": [],
      "assessor_notes": "",
      "notes_quality": 0,
      "evidence_type": []
    },
    "privacy": {
      "present": true,
      "present_confidence": 0.85,
      "quotes_or_pointers": ["Section 6 addresses privacy risks related to algorithms."],
      "quote_quality": [4],
      "assessor_notes": "Discusses privacy protection challenges.",
      "notes_quality": 4,
      "evidence_type": ["Normative Claim"]
    },
    "data_protection": {
      "present": true,
      "present_confidence": 0.8,
      "quotes_or_pointers": ["Section 7 covers data security considerations."],
      "quote_quality": [3],
      "assessor_notes": "Reviews data governance requirements.",
      "notes_quality": 3,
      "evidence_type": ["Normative Claim"]
    },
    "continuous_ethics_monitoring": {
      "present": true,
      "present_confidence": 0.75,
      "quotes_or_pointers": ["Section 8 proposes ethics monitoring frameworks."],
      "quote_quality": [3],
      "assessor_notes": "Recommends ongoing ethics governance.",
      "notes_quality": 3,
      "evidence_type": ["Normative Claim"]
    }
  },
  "scoring": {
    "score_override": {
      "real_time_transparency": null,
      "explainability": null,
      "accountability": null,
      "human_oversight": null,
      "privacy": null,
      "data_protection": null,
      "continuous_ethics_monitoring": null
    },
    "total_score_manual_override": null
  }
}
