{
  "$schema": "https://example.org/ethical-ai-paper.schema.json",
  "paper_id": "toward_trustworthy_ai_development",
  "metadata": {
    "title": "Toward Trustworthy AI Development",
    "authors": "Author G, Author H",
    "year": "2025",
    "venue": "AI Ethics Journal",
    "link": ""
  },
  "summary": {
    "goal": "Discuss frameworks and best practices for trustworthy AI development",
    "method": "Conceptual analysis and case studies",
    "use_case_or_domain": "General AI development",
    "deployment_context": ""
  },
  "evidence": {
    "real_time_transparency": {
      "present": true,
      "present_confidence": 0.9,
      "quotes_or_pointers": ["Chapter 2 focuses on transparency in AI lifecycle."],
      "quote_quality": [4],
      "assessor_notes": "Emphasis on transparency mechanisms during AI operation.",
      "notes_quality": 4,
      "evidence_type": ["Normative Claim"]
    },
    "explainability": {
      "present": true,
      "present_confidence": 0.85,
      "quotes_or_pointers": ["Chapter 3 elaborates on explainability techniques."],
      "quote_quality": [4],
      "assessor_notes": "Explains different approaches for interpretable AI.",
      "notes_quality": 4,
      "evidence_type": ["Empirical Data"]
    },
    "accountability": {
      "present": true,
      "present_confidence": 0.8,
      "quotes_or_pointers": ["Chapter 4 presents accountability frameworks."],
      "quote_quality": [3],
      "assessor_notes": "Discusses governance and responsibility measures.",
      "notes_quality": 3,
      "evidence_type": ["Normative Claim"]
    },
    "human_oversight": {
      "present": true,
      "present_confidence": 0.75,
      "quotes_or_pointers": ["Chapter 5 covers human-in-the-loop and oversight."],
      "quote_quality": [3],
      "assessor_notes": "Highlights role of human intervention for safety.",
      "notes_quality": 3,
      "evidence_type": ["Normative Claim"]
    },
    "privacy": {
      "present": true,
      "present_confidence": 0.8,
      "quotes_or_pointers": ["Chapter 6 discusses privacy preservation."],
      "quote_quality": [3],
      "assessor_notes": "Focus on data privacy protection techniques.",
      "notes_quality": 3,
      "evidence_type": ["Normative Claim"]
    },
    "data_protection": {
      "present": true,
      "present_confidence": 0.75,
      "quotes_or_pointers": ["Chapter 7 details secure data management."],
      "quote_quality": [3],
      "assessor_notes": "Describes encryption and data governance.",
      "notes_quality": 3,
      "evidence_type": ["Normative Claim"]
    },
    "continuous_ethics_monitoring": {
      "present": true,
      "present_confidence": 0.7,
      "quotes_or_pointers": ["Chapter 8 recommends ongoing ethical audits."],
      "quote_quality": [3],
      "assessor_notes": "Suggests continuous assessment of AI ethics.",
      "notes_quality": 3,
      "evidence_type": ["Normative Claim"]
    }
  },
  "scoring": {
    "score_override": {
      "real_time_transparency": null,
      "explainability": null,
      "accountability": null,
      "human_oversight": null,
      "privacy": null,
      "data_protection": null,
      "continuous_ethics_monitoring": null
    },
    "total_score_manual_override": null
  }
}
