{
  "$schema": "https://example.org/ethical-ai-paper.schema.json",
  "paper_id": "trusting_ai_cybersecurity_empirical_study",
  "metadata": {
    "title": "Trusting AI in Cybersecurity: An Empirical Study of Perceptions on",
    "authors": "Author E, Author F",
    "year": "2025",
    "venue": "Journal of Cybersecurity AI Research",
    "link": ""
  },
  "summary": {
    "goal": "Investigate user trust perceptions regarding AI cybersecurity tools",
    "method": "Empirical user surveys and analysis",
    "use_case_or_domain": "Cybersecurity AI tools",
    "deployment_context": ""
  },
  "evidence": {
    "real_time_transparency": {
      "present": true,
      "present_confidence": 0.85,
      "quotes_or_pointers": ["Section 3 reports on transparency affecting trust."],
      "quote_quality": [4],
      "assessor_notes": "Users value real-time status feedback interfaces.",
      "notes_quality": 4,
      "evidence_type": ["Empirical Data"]
    },
    "explainability": {
      "present": true,
      "present_confidence": 0.8,
      "quotes_or_pointers": ["Section 4 discusses explainability improving acceptance."],
      "quote_quality": [3],
      "assessor_notes": "Explainability was linked to higher trust levels.",
      "notes_quality": 3,
      "evidence_type": ["Empirical Data"]
    },
    "accountability": {
      "present": false,
      "present_confidence": 0.0,
      "quotes_or_pointers": [],
      "quote_quality": [],
      "assessor_notes": "",
      "notes_quality": 0,
      "evidence_type": []
    },
    "human_oversight": {
      "present": true,
      "present_confidence": 0.75,
      "quotes_or_pointers": ["Section 5 covers human-in-the-loop requirements."],
      "quote_quality": [3],
      "assessor_notes": "Strong support for human oversight mechanisms.",
      "notes_quality": 3,
      "evidence_type": ["Empirical Data"]
    },
    "privacy": {
      "present": false,
      "present_confidence": 0.0,
      "quotes_or_pointers": [],
      "quote_quality": [],
      "assessor_notes": "",
      "notes_quality": 0,
      "evidence_type": []
    },
    "data_protection": {
      "present": true,
      "present_confidence": 0.7,
      "quotes_or_pointers": ["Section 6 mentions data security measures."],
      "quote_quality": [2],
      "assessor_notes": "Includes survey data on privacy concerns.",
      "notes_quality": 2,
      "evidence_type": ["Empirical Data"]
    },
    "continuous_ethics_monitoring": {
      "present": false,
      "present_confidence": 0.0,
      "quotes_or_pointers": [],
      "quote_quality": [],
      "assessor_notes": "",
      "notes_quality": 0,
      "evidence_type": []
    }
  },
  "scoring": {
    "score_override": {
      "real_time_transparency": null,
      "explainability": null,
      "accountability": null,
      "human_oversight": null,
      "privacy": null,
      "data_protection": null,
      "continuous_ethics_monitoring": null
    },
    "total_score_manual_override": null
  }
}
