{
  "$schema": "https://example.org/ethical-ai-paper.schema.json",
  "paper_id": "understanding_ai_ethics_and_safety",
  "metadata": {
    "title": "Understanding Artificial Intelligence Ethics and Safety",
    "authors": "Author K, Author L",
    "year": "2025",
    "venue": "AI Ethics and Safety Journal",
    "link": ""
  },
  "summary": {
    "goal": "Provide comprehensive overview of AI ethics and safety challenges",
    "method": "Review of existing frameworks and proposals",
    "use_case_or_domain": "General AI ethics and safety",
    "deployment_context": ""
  },
  "evidence": {
    "real_time_transparency": {
      "present": true,
      "present_confidence": 0.9,
      "quotes_or_pointers": ["Chapter 2 discusses transparency in autonomous systems."],
      "quote_quality": [4],
      "assessor_notes": "Emphasizes importance of real-time transparency for trust.",
      "notes_quality": 4,
      "evidence_type": ["Normative Claim"]
    },
    "explainability": {
      "present": true,
      "present_confidence": 0.9,
      "quotes_or_pointers": ["Chapter 3 covers explainability techniques and evaluation."],
      "quote_quality": [4],
      "assessor_notes": "Details explainability methods relevant to safety.",
      "notes_quality": 4,
      "evidence_type": ["Empirical Data"]
    },
    "accountability": {
      "present": true,
      "present_confidence": 0.85,
      "quotes_or_pointers": ["Chapter 4 lays out accountability mechanisms and governance."],
      "quote_quality": [4],
      "assessor_notes": "Explains frameworks supporting accountability in AI.",
      "notes_quality": 4,
      "evidence_type": ["Normative Claim"]
    },
    "human_oversight": {
      "present": true,
      "present_confidence": 0.8,
      "quotes_or_pointers": ["Chapter 5 discusses human-in-the-loop controls."],
      "quote_quality": [3],
      "assessor_notes": "Highlights human oversight role to ensure safety.",
      "notes_quality": 3,
      "evidence_type": ["Empirical Data"]
    },
    "privacy": {
      "present": true,
      "present_confidence": 0.85,
      "quotes_or_pointers": ["Chapter 6 addresses privacy considerations in AI systems."],
      "quote_quality": [3],
      "assessor_notes": "Concerns user data protection in AI applications.",
      "notes_quality": 3,
      "evidence_type": ["Normative Claim"]
    },
    "data_protection": {
      "present": true,
      "present_confidence": 0.8,
      "quotes_or_pointers": ["Chapter 7 talks about data security and protection measures."],
      "quote_quality": [3],
      "assessor_notes": "Discusses encryption and access controls.",
      "notes_quality": 3,
      "evidence_type": ["Normative Claim"]
    },
    "continuous_ethics_monitoring": {
      "present": true,
      "present_confidence": 0.75,
      "quotes_or_pointers": ["Chapter 8 proposes ongoing ethics monitoring frameworks."],
      "quote_quality": [3],
      "assessor_notes": "Emphasizes lifecycle ethical assessments.",
      "notes_quality": 3,
      "evidence_type": ["Normative Claim"]
    }
  },
  "scoring": {
    "score_override": {
      "real_time_transparency": null,
      "explainability": null,
      "accountability": null,
      "human_oversight": null,
      "privacy": null,
      "data_protection": null,
      "continuous_ethics_monitoring": null
    },
    "total_score_manual_override": null
  }
}
